date	year	month	day	jday	doy	min4_bs0	min4_bs3
1/2/1979	1979	1	2	79002	2	0	0
1/4/1979	1979	1	4	79004	4	0	0
1/6/1979	1979	1	6	79006	6	0	0
1/8/1979	1979	1	8	79008	8	0	0
1/10/1979	1979	1	10	79010	10	0	0
1/12/1979	1979	1	12	79012	12	0	0
1/14/1979	1979	1	14	79014	14	0	0
1/16/1979	1979	1	16	79016	16	0	0
1/18/1979	1979	1	18	79018	18	0	0
1/20/1979	1979	1	20	79020	20	0	0
1/22/1979	1979	1	22	79022	22	0	0
1/24/1979	1979	1	24	79024	24	0	0
1/26/1979	1979	1	26	79026	26	0	0
1/28/1979	1979	1	28	79028	28	0	0
1/30/1979	1979	1	30	79030	30	0	0
2/1/1979	1979	2	1	79032	32	0	0
2/3/1979	1979	2	3	79034	34	46	37
2/5/1979	1979	2	5	79036	36	73	54
2/7/1979	1979	2	7	79038	38	92	77
2/9/1979	1979	2	9	79040	40	87	70
2/11/1979	1979	2	11	79042	42	72	61
2/13/1979	1979	2	13	79044	44	80	60
2/15/1979	1979	2	15	79046	46	76	59
2/17/1979	1979	2	17	79048	48	94	76
2/19/1979	1979	2	19	79050	50	82	51
2/21/1979	1979	2	21	79052	52	79	64
2/23/1979	1979	2	23	79054	54	99	77
2/25/1979	1979	2	25	79056	56	79	64
2/27/1979	1979	2	27	79058	58	100	94
3/1/1979	1979	3	1	79060	60	79	77
3/3/1979	1979	3	3	79062	62	98	98
3/5/1979	1979	3	5	79064	64	83	83
3/7/1979	1979	3	7	79066	66	90	87
3/9/1979	1979	3	9	79068	68	99	95
3/11/1979	1979	3	11	79070	70	97	96
3/13/1979	1979	3	13	79072	72	95	93
3/15/1979	1979	3	15	79074	74	96	93
3/17/1979	1979	3	17	79076	76	92	93
3/19/1979	1979	3	19	79078	78	90	90
3/21/1979	1979	3	21	79080	80	92	89
3/23/1979	1979	3	23	79082	82	92	93
3/25/1979	1979	3	25	79084	84	79	74
3/27/1979	1979	3	27	79086	86	72	72
3/29/1979	1979	3	29	79088	88	66	67
3/31/1979	1979	3	31	79090	90	84	83
4/2/1979	1979	4	2	79092	92	73	71
4/4/1979	1979	4	4	79094	94	68	53
4/6/1979	1979	4	6	79096	96	74	66
4/8/1979	1979	4	8	79098	98	93	92
4/10/1979	1979	4	10	79100	100	87	89
4/12/1979	1979	4	12	79102	102	90	87
4/14/1979	1979	4	14	79104	104	95	94
4/16/1979	1979	4	16	79106	106	95	93
4/18/1979	1979	4	18	79108	108	85	80
4/20/1979	1979	4	20	79110	110	87	73
4/22/1979	1979	4	22	79112	112	32	22
4/24/1979	1979	4	24	79114	114	0	14
4/26/1979	1979	4	26	79116	116	0	0
4/28/1979	1979	4	28	79118	118	0	0
4/30/1979	1979	4	30	79120	120	0	0
11/2/1979	1979	11	2	79306	306	0	0
11/4/1979	1979	11	4	79308	308	0	0
11/6/1979	1979	11	6	79310	310	0	0
11/8/1979	1979	11	8	79312	312	0	0
11/10/1979	1979	11	10	79314	314	0	0
11/12/1979	1979	11	12	79316	316	0	0
11/14/1979	1979	11	14	79318	318	0	0
11/16/1979	1979	11	16	79320	320	0	0
11/18/1979	1979	11	18	79322	322	0	0
11/20/1979	1979	11	20	79324	324	0	0
11/22/1979	1979	11	22	79326	326	0	0
11/24/1979	1979	11	24	79328	328	0	0
11/26/1979	1979	11	26	79330	330	0	0
11/28/1979	1979	11	28	79332	332	0	0
11/30/1979	1979	11	30	79334	334	0	0
12/2/1979	1979	12	2	79336	336	0	0
12/4/1979	1979	12	4	79338	338	0	0
12/6/1979	1979	12	6	79340	340	0	0
12/8/1979	1979	12	8	79342	342	0	0
12/10/1979	1979	12	10	79344	344	0	0
12/12/1979	1979	12	12	79346	346	0	0
12/14/1979	1979	12	14	79348	348	0	0
12/16/1979	1979	12	16	79350	350	0	0
12/18/1979	1979	12	18	79352	352	0	0
12/20/1979	1979	12	20	79354	354	14	11
12/22/1979	1979	12	22	79356	356	28	22
12/24/1979	1979	12	24	79358	358	42	33
12/26/1979	1979	12	26	79360	360	67	65
12/28/1979	1979	12	28	79362	362	81	66
12/30/1979	1979	12	30	79364	364	81	67
1/1/1980	1980	1	1	80001	1	77	37
1/3/1980	1980	1	3	80003	3	92	84
1/5/1980	1980	1	5	80005	5	100	92
1/7/1980	1980	1	7	80007	7	100	96
1/9/1980	1980	1	9	80009	9	100	99
1/11/1980	1980	1	11	80011	11	100	100
1/13/1980	1980	1	13	80013	13	97	97
1/15/1980	1980	1	15	80015	15	93	93
1/17/1980	1980	1	17	80017	17	96	96
1/19/1980	1980	1	19	80019	19	100	96
1/21/1980	1980	1	21	80021	21	98	98
1/23/1980	1980	1	23	80023	23	94	94
1/25/1980	1980	1	25	80025	25	100	100
1/27/1980	1980	1	27	80027	27	100	96
1/29/1980	1980	1	29	80029	29	100	97
1/31/1980	1980	1	31	80031	31	100	93
2/2/1980	1980	2	2	80033	33	100	100
2/4/1980	1980	2	4	80035	35	99	100
2/6/1980	1980	2	6	80037	37	98	100
2/8/1980	1980	2	8	80039	39	96	95
2/10/1980	1980	2	10	80041	41	100	99
2/12/1980	1980	2	12	80043	43	98	96
2/14/1980	1980	2	14	80045	45	100	100
2/16/1980	1980	2	16	80047	47	100	100
2/18/1980	1980	2	18	80049	49	100	100
2/20/1980	1980	2	20	80051	51	100	100
2/22/1980	1980	2	22	80053	53	100	100
2/24/1980	1980	2	24	80055	55	100	96
2/26/1980	1980	2	26	80057	57	94	92
2/28/1980	1980	2	28	80059	59	95	95
3/1/1980	1980	3	1	80061	61	100	100
3/3/1980	1980	3	3	80063	63	100	100
3/5/1980	1980	3	5	80065	65	97	97
3/7/1980	1980	3	7	80067	67	100	100
3/9/1980	1980	3	9	80069	69	100	100
3/11/1980	1980	3	11	80071	71	93	93
3/13/1980	1980	3	13	80073	73	100	100
3/15/1980	1980	3	15	80075	75	100	100
3/17/1980	1980	3	17	80077	77	100	100
3/19/1980	1980	3	19	80079	79	93	95
3/21/1980	1980	3	21	80081	81	100	97
3/23/1980	1980	3	23	80083	83	99	97
3/25/1980	1980	3	25	80085	85	97	90
3/27/1980	1980	3	27	80087	87	94	98
3/29/1980	1980	3	29	80089	89	93	98
3/31/1980	1980	3	31	80091	91	93	93
4/2/1980	1980	4	2	80093	93	96	96
4/4/1980	1980	4	4	80095	95	92	92
4/6/1980	1980	4	6	80097	97	96	96
4/8/1980	1980	4	8	80099	99	100	100
4/10/1980	1980	4	10	80101	101	100	99
4/12/1980	1980	4	12	80103	103	96	96
4/14/1980	1980	4	14	80105	105	90	89
4/16/1980	1980	4	16	80107	107	90	92
4/18/1980	1980	4	18	80109	109	85	82
4/20/1980	1980	4	20	80111	111	83	81
4/22/1980	1980	4	22	80113	113	78	79
4/24/1980	1980	4	24	80115	115	76	77
4/26/1980	1980	4	26	80117	117	72	75
4/28/1980	1980	4	28	80119	119	50	49
4/30/1980	1980	4	30	80121	121	42	41
11/2/1980	1980	11	2	80307	307	0	0
11/4/1980	1980	11	4	80309	309	0	0
11/6/1980	1980	11	6	80311	311	0	0
11/8/1980	1980	11	8	80313	313	0	0
11/10/1980	1980	11	10	80315	315	0	0
11/12/1980	1980	11	12	80317	317	0	0
11/14/1980	1980	11	14	80319	319	0	0
11/16/1980	1980	11	16	80321	321	0	0
11/18/1980	1980	11	18	80323	323	0	0
11/20/1980	1980	11	20	80325	325	0	0
11/22/1980	1980	11	22	80327	327	0	0
11/24/1980	1980	11	24	80329	329	0	0
11/26/1980	1980	11	26	80331	331	0	0
11/28/1980	1980	11	28	80333	333	0	0
11/30/1980	1980	11	30	80335	335	0	0
12/2/1980	1980	12	2	80337	337	0	0
12/4/1980	1980	12	4	80339	339	0	0
12/6/1980	1980	12	6	80341	341	0	0
12/8/1980	1980	12	8	80343	343	0	0
12/10/1980	1980	12	10	80345	345	0	0
12/12/1980	1980	12	12	80347	347	35	0
12/14/1980	1980	12	14	80349	349	75	72
12/16/1980	1980	12	16	80351	351	84	71
12/18/1980	1980	12	18	80353	353	41	43
12/20/1980	1980	12	20	80355	355	61	46
12/22/1980	1980	12	22	80357	357	71	48
12/24/1980	1980	12	24	80359	359	95	77
12/26/1980	1980	12	26	80361	361	99	85
12/28/1980	1980	12	28	80363	363	95	94
12/30/1980	1980	12	30	80365	365	97	97
1/1/1981	1981	1	1	81001	1	100	97
1/3/1981	1981	1	3	81003	3	99	99
1/5/1981	1981	1	5	81005	5	92	94
1/7/1981	1981	1	7	81007	7	99	99
1/9/1981	1981	1	9	81009	9	94	88
1/11/1981	1981	1	11	81011	11	96	96
1/13/1981	1981	1	13	81013	13	94	93
1/15/1981	1981	1	15	81015	15	94	94
1/17/1981	1981	1	17	81017	17	94	94
1/19/1981	1981	1	19	81019	19	99	93
1/21/1981	1981	1	21	81021	21	97	93
1/23/1981	1981	1	23	81023	23	94	93
1/25/1981	1981	1	25	81025	25	95	93
1/27/1981	1981	1	27	81027	27	100	97
1/29/1981	1981	1	29	81029	29	96	92
1/31/1981	1981	1	31	81031	31	99	97
2/2/1981	1981	2	2	81033	33	93	93
2/4/1981	1981	2	4	81035	35	100	100
2/6/1981	1981	2	6	81037	37	100	100
2/8/1981	1981	2	8	81039	39	98	99
2/10/1981	1981	2	10	81041	41	94	94
2/12/1981	1981	2	12	81043	43	100	100
2/14/1981	1981	2	14	81045	45	94	94
2/16/1981	1981	2	16	81047	47	98	97
2/18/1981	1981	2	18	81049	49	91	90
2/20/1981	1981	2	20	81051	51	93	93
2/22/1981	1981	2	22	81053	53	95	95
2/24/1981	1981	2	24	81055	55	96	96
2/26/1981	1981	2	26	81057	57	95	95
2/28/1981	1981	2	28	81059	59	97	93
3/2/1981	1981	3	2	81061	61	97	95
3/4/1981	1981	3	4	81063	63	100	100
3/6/1981	1981	3	6	81065	65	97	98
3/8/1981	1981	3	8	81067	67	100	100
3/10/1981	1981	3	10	81069	69	90	88
3/12/1981	1981	3	12	81071	71	93	93
3/14/1981	1981	3	14	81073	73	93	93
3/16/1981	1981	3	16	81075	75	100	100
3/18/1981	1981	3	18	81077	77	81	79
3/20/1981	1981	3	20	81079	79	93	97
3/22/1981	1981	3	22	81081	81	96	94
3/24/1981	1981	3	24	81083	83	100	98
3/26/1981	1981	3	26	81085	85	97	96
3/28/1981	1981	3	28	81087	87	100	94
3/30/1981	1981	3	30	81089	89	98	92
4/1/1981	1981	4	1	81091	91	95	94
4/3/1981	1981	4	3	81093	93	98	96
4/5/1981	1981	4	5	81095	95	95	96
4/7/1981	1981	4	7	81097	97	94	93
4/9/1981	1981	4	9	81099	99	88	91
4/11/1981	1981	4	11	81101	101	92	100
4/13/1981	1981	4	13	81103	103	96	96
4/15/1981	1981	4	15	81105	105	94	94
4/17/1981	1981	4	17	81107	107	93	93
4/19/1981	1981	4	19	81109	109	98	96
4/21/1981	1981	4	21	81111	111	100	100
4/23/1981	1981	4	23	81113	113	100	100
4/25/1981	1981	4	25	81115	115	100	99
4/27/1981	1981	4	27	81117	117	74	76
4/29/1981	1981	4	29	81119	119	74	77
11/1/1981	1981	11	1	81305	305	0	0
11/3/1981	1981	11	3	81307	307	0	0
11/5/1981	1981	11	5	81309	309	0	0
11/7/1981	1981	11	7	81311	311	0	0
11/9/1981	1981	11	9	81313	313	0	0
11/11/1981	1981	11	11	81315	315	0	0
11/13/1981	1981	11	13	81317	317	0	0
11/15/1981	1981	11	15	81319	319	0	0
11/17/1981	1981	11	17	81321	321	0	0
11/19/1981	1981	11	19	81323	323	0	0
11/21/1981	1981	11	21	81325	325	0	0
11/23/1981	1981	11	23	81327	327	0	0
11/25/1981	1981	11	25	81329	329	0	0
11/27/1981	1981	11	27	81331	331	0	0
11/29/1981	1981	11	29	81333	333	0	0
12/1/1981	1981	12	1	81335	335	0	0
12/3/1981	1981	12	3	81337	337	0	18
12/5/1981	1981	12	5	81339	339	66	43
12/7/1981	1981	12	7	81341	341	0	0
12/9/1981	1981	12	9	81343	343	0	0
12/11/1981	1981	12	11	81345	345	67	55
12/13/1981	1981	12	13	81347	347	85	66
12/15/1981	1981	12	15	81349	349	87	78
12/17/1981	1981	12	17	81351	351	99	97
12/19/1981	1981	12	19	81353	353	93	80
12/21/1981	1981	12	21	81355	355	94	0
12/23/1981	1981	12	23	81357	357	48	25
12/25/1981	1981	12	25	81359	359	65	38
12/27/1981	1981	12	27	81361	361	87	63
12/29/1981	1981	12	29	81363	363	56	39
12/31/1981	1981	12	31	81365	365	46	27
1/2/1982	1982	1	2	82002	2	0	28
1/4/1982	1982	1	4	82004	4	82	62
1/6/1982	1982	1	6	82006	6	100	83
1/8/1982	1982	1	8	82008	8	100	100
1/10/1982	1982	1	10	82010	10	95	94
1/12/1982	1982	1	12	82012	12	88	85
1/14/1982	1982	1	14	82014	14	100	98
1/16/1982	1982	1	16	82016	16	92	92
1/18/1982	1982	1	18	82018	18	98	92
1/20/1982	1982	1	20	82020	20	92	66
1/22/1982	1982	1	22	82022	22	92	95
1/24/1982	1982	1	24	82024	24	93	100
1/26/1982	1982	1	26	82026	26	100	98
1/28/1982	1982	1	28	82028	28	100	100
1/30/1982	1982	1	30	82030	30	93	100
2/1/1982	1982	2	1	82032	32	100	100
2/3/1982	1982	2	3	82034	34	94	98
2/5/1982	1982	2	5	82036	36	99	94
2/7/1982	1982	2	7	82038	38	76	79
2/9/1982	1982	2	9	82040	40	94	94
2/11/1982	1982	2	11	82042	42	100	98
2/13/1982	1982	2	13	82044	44	95	95
2/15/1982	1982	2	15	82046	46	94	94
2/17/1982	1982	2	17	82048	48	97	97
2/19/1982	1982	2	19	82050	50	100	100
2/21/1982	1982	2	21	82052	52	92	92
2/23/1982	1982	2	23	82054	54	100	94
2/25/1982	1982	2	25	82056	56	100	100
2/27/1982	1982	2	27	82058	58	99	99
3/1/1982	1982	3	1	82060	60	97	97
3/3/1982	1982	3	3	82062	62	98	93
3/5/1982	1982	3	5	82064	64	94	88
3/7/1982	1982	3	7	82066	66	89	83
3/9/1982	1982	3	9	82068	68	89	73
3/11/1982	1982	3	11	82070	70	94	94
3/13/1982	1982	3	13	82072	72	93	93
3/15/1982	1982	3	15	82074	74	100	98
3/17/1982	1982	3	17	82076	76	95	92
3/19/1982	1982	3	19	82078	78	91	92
3/21/1982	1982	3	21	82080	80	92	94
3/23/1982	1982	3	23	82082	82	95	95
3/25/1982	1982	3	25	82084	84	94	96
3/27/1982	1982	3	27	82086	86	100	100
3/29/1982	1982	3	29	82088	88	99	95
3/31/1982	1982	3	31	82090	90	100	96
4/2/1982	1982	4	2	82092	92	98	95
4/4/1982	1982	4	4	82094	94	100	95
4/6/1982	1982	4	6	82096	96	100	92
4/8/1982	1982	4	8	82098	98	92	94
4/10/1982	1982	4	10	82100	100	93	71
4/12/1982	1982	4	12	82102	102	97	88
4/14/1982	1982	4	14	82104	104	95	100
4/16/1982	1982	4	16	82106	106	100	100
4/18/1982	1982	4	18	82108	108	98	96
4/20/1982	1982	4	20	82110	110	99	99
4/22/1982	1982	4	22	82112	112	94	94
4/24/1982	1982	4	24	82114	114	94	94
4/26/1982	1982	4	26	82116	116	92	93
4/28/1982	1982	4	28	82118	118	94	97
4/30/1982	1982	4	30	82120	120	100	100
11/2/1982	1982	11	2	82306	306	0	0
11/4/1982	1982	11	4	82308	308	0	0
11/6/1982	1982	11	6	82310	310	0	0
11/8/1982	1982	11	8	82312	312	0	0
11/10/1982	1982	11	10	82314	314	0	0
11/12/1982	1982	11	12	82316	316	0	0
11/14/1982	1982	11	14	82318	318	0	0
11/16/1982	1982	11	16	82320	320	0	0
11/18/1982	1982	11	18	82322	322	0	0
11/20/1982	1982	11	20	82324	324	0	0
11/22/1982	1982	11	22	82326	326	0	0
11/24/1982	1982	11	24	82328	328	0	0
11/26/1982	1982	11	26	82330	330	0	0
11/28/1982	1982	11	28	82332	332	0	0
11/30/1982	1982	11	30	82334	334	0	0
12/2/1982	1982	12	2	82336	336	0	0
12/4/1982	1982	12	4	82338	338	0	0
12/6/1982	1982	12	6	82340	340	0	0
12/8/1982	1982	12	8	82342	342	0	0
12/10/1982	1982	12	10	82344	344	0	0
12/12/1982	1982	12	12	82346	346	0	0
12/14/1982	1982	12	14	82348	348	0	0
12/16/1982	1982	12	16	82350	350	0	0
12/18/1982	1982	12	18	82352	352	0	0
12/20/1982	1982	12	20	82354	354	0	0
12/22/1982	1982	12	22	82356	356	0	0
12/24/1982	1982	12	24	82358	358	0	0
12/26/1982	1982	12	26	82360	360	0	0
12/28/1982	1982	12	28	82362	362	45	34
12/30/1982	1982	12	30	82364	364	0	23
1/1/1983	1983	1	1	83001	1	66	42
1/3/1983	1983	1	3	83003	3	92	77
1/5/1983	1983	1	5	83005	5	98	85
1/7/1983	1983	1	7	83007	7	93	95
1/9/1983	1983	1	9	83009	9	94	93
1/11/1983	1983	1	11	83011	11	97	87
1/13/1983	1983	1	13	83013	13	97	71
1/15/1983	1983	1	15	83015	15	95	99
1/17/1983	1983	1	17	83017	17	91	91
1/19/1983	1983	1	19	83019	19	85	85
1/21/1983	1983	1	21	83021	21	95	94
1/23/1983	1983	1	23	83023	23	95	92
1/25/1983	1983	1	25	83025	25	100	100
1/27/1983	1983	1	27	83027	27	97	95
1/29/1983	1983	1	29	83029	29	100	93
1/31/1983	1983	1	31	83031	31	96	93
2/2/1983	1983	2	2	83033	33	95	92
2/4/1983	1983	2	4	83035	35	96	93
2/6/1983	1983	2	6	83037	37	95	95
2/8/1983	1983	2	8	83039	39	97	97
2/10/1983	1983	2	10	83041	41	100	100
2/12/1983	1983	2	12	83043	43	95	93
2/14/1983	1983	2	14	83045	45	98	94
2/16/1983	1983	2	16	83047	47	92	96
2/18/1983	1983	2	18	83049	49	96	98
2/20/1983	1983	2	20	83051	51	100	100
2/22/1983	1983	2	22	83053	53	95	95
2/24/1983	1983	2	24	83055	55	95	92
2/26/1983	1983	2	26	83057	57	98	94
2/28/1983	1983	2	28	83059	59	93	96
3/2/1983	1983	3	2	83061	61	93	95
3/4/1983	1983	3	4	83063	63	95	93
3/6/1983	1983	3	6	83065	65	96	98
3/8/1983	1983	3	8	83067	67	96	94
3/10/1983	1983	3	10	83069	69	88	89
3/12/1983	1983	3	12	83071	71	87	87
3/14/1983	1983	3	14	83073	73	98	97
3/16/1983	1983	3	16	83075	75	95	93
3/18/1983	1983	3	18	83077	77	92	93
3/20/1983	1983	3	20	83079	79	96	97
3/22/1983	1983	3	22	83081	81	98	99
3/24/1983	1983	3	24	83083	83	94	95
3/26/1983	1983	3	26	83085	85	92	92
3/28/1983	1983	3	28	83087	87	95	92
3/30/1983	1983	3	30	83089	89	95	96
4/1/1983	1983	4	1	83091	91	85	85
4/3/1983	1983	4	3	83093	93	92	92
4/5/1983	1983	4	5	83095	95	86	85
4/7/1983	1983	4	7	83097	97	89	88
4/9/1983	1983	4	9	83099	99	93	94
4/11/1983	1983	4	11	83101	101	86	88
4/13/1983	1983	4	13	83103	103	98	96
4/15/1983	1983	4	15	83105	105	79	78
4/17/1983	1983	4	17	83107	107	71	71
4/19/1983	1983	4	19	83109	109	72	70
4/21/1983	1983	4	21	83111	111	60	59
4/23/1983	1983	4	23	83113	113	51	52
4/25/1983	1983	4	25	83115	115	55	56
4/27/1983	1983	4	27	83117	117	77	75
4/29/1983	1983	4	29	83119	119	91	95
11/1/1983	1983	11	1	83305	305	0	0
11/3/1983	1983	11	3	83307	307	0	0
11/5/1983	1983	11	5	83309	309	0	0
11/7/1983	1983	11	7	83311	311	0	0
11/9/1983	1983	11	9	83313	313	0	0
11/11/1983	1983	11	11	83315	315	0	0
11/13/1983	1983	11	13	83317	317	0	0
11/15/1983	1983	11	15	83319	319	0	0
11/17/1983	1983	11	17	83321	321	0	0
11/19/1983	1983	11	19	83323	323	0	0
11/21/1983	1983	11	21	83325	325	0	0
11/23/1983	1983	11	23	83327	327	0	20
11/25/1983	1983	11	25	83329	329	29	27
11/27/1983	1983	11	27	83331	331	32	21
11/29/1983	1983	11	29	83333	333	0	0
12/1/1983	1983	12	1	83335	335	0	0
12/3/1983	1983	12	3	83337	337	0	0
12/5/1983	1983	12	5	83339	339	0	0
12/7/1983	1983	12	7	83341	341	0	0
12/9/1983	1983	12	9	83343	343	0	0
12/11/1983	1983	12	11	83345	345	0	0
12/13/1983	1983	12	13	83347	347	0	0
12/15/1983	1983	12	15	83349	349	0	0
12/17/1983	1983	12	17	83351	351	0	0
12/19/1983	1983	12	19	83353	353	0	0
12/21/1983	1983	12	21	83355	355	0	0
12/23/1983	1983	12	23	83357	357	0	0
12/25/1983	1983	12	25	83359	359	0	0
12/27/1983	1983	12	27	83361	361	0	0
12/29/1983	1983	12	29	83363	363	0	0
12/31/1983	1983	12	31	83365	365	0	0
1/2/1984	1984	1	2	84002	2	0	0
1/4/1984	1984	1	4	84004	4	0	0
1/6/1984	1984	1	6	84006	6	0	0
1/8/1984	1984	1	8	84008	8	0	0
1/10/1984	1984	1	10	84010	10	0	0
1/12/1984	1984	1	12	84012	12	0	0
1/14/1984	1984	1	14	84014	14	0	0
1/16/1984	1984	1	16	84016	16	0	0
1/18/1984	1984	1	18	84018	18	0	0
1/20/1984	1984	1	20	84020	20	0	0
1/22/1984	1984	1	22	84022	22	77	48
1/24/1984	1984	1	24	84024	24	73	55
1/26/1984	1984	1	26	84026	26	74	72
1/28/1984	1984	1	28	84028	28	88	82
1/30/1984	1984	1	30	84030	30	85	86
2/1/1984	1984	2	1	84032	32	90	89
2/3/1984	1984	2	3	84034	34	90	89
2/5/1984	1984	2	5	84036	36	92	93
2/7/1984	1984	2	7	84038	38	92	93
2/9/1984	1984	2	9	84040	40	91	91
2/11/1984	1984	2	11	84042	42	88	88
2/13/1984	1984	2	13	84044	44	100	90
2/15/1984	1984	2	15	84046	46	94	94
2/17/1984	1984	2	17	84048	48	93	95
2/19/1984	1984	2	19	84050	50	98	97
2/21/1984	1984	2	21	84052	52	96	96
2/23/1984	1984	2	23	84054	54	99	99
2/25/1984	1984	2	25	84056	56	100	97
2/27/1984	1984	2	27	84058	58	98	97
2/29/1984	1984	2	29	84060	60	NA	96
3/2/1984	1984	3	2	84062	62	85	86
3/4/1984	1984	3	4	84064	64	92	92
3/6/1984	1984	3	6	84066	66	88	86
3/8/1984	1984	3	8	84068	68	95	95
3/10/1984	1984	3	10	84070	70	100	93
3/12/1984	1984	3	12	84072	72	100	97
3/14/1984	1984	3	14	84074	74	94	93
3/16/1984	1984	3	16	84076	76	84	86
3/18/1984	1984	3	18	84078	78	94	95
3/20/1984	1984	3	20	84080	80	94	97
3/22/1984	1984	3	22	84082	82	92	92
3/24/1984	1984	3	24	84084	84	91	92
3/26/1984	1984	3	26	84086	86	96	96
3/28/1984	1984	3	28	84088	88	86	87
3/30/1984	1984	3	30	84090	90	92	92
4/1/1984	1984	4	1	84092	92	95	93
4/3/1984	1984	4	3	84094	94	93	91
4/5/1984	1984	4	5	84096	96	88	89
4/7/1984	1984	4	7	84098	98	90	89
4/9/1984	1984	4	9	84100	100	90	91
4/11/1984	1984	4	11	84102	102	88	88
4/13/1984	1984	4	13	84104	104	87	89
4/15/1984	1984	4	15	84106	106	100	100
4/17/1984	1984	4	17	84108	108	100	100
4/19/1984	1984	4	19	84110	110	93	95
4/21/1984	1984	4	21	84112	112	91	94
4/23/1984	1984	4	23	84114	114	94	91
4/25/1984	1984	4	25	84116	116	100	95
4/27/1984	1984	4	27	84118	118	93	95
4/29/1984	1984	4	29	84120	120	74	73
11/1/1984	1984	11	1	84306	306	0	0
11/3/1984	1984	11	3	84308	308	0	0
11/5/1984	1984	11	5	84310	310	0	0
11/7/1984	1984	11	7	84312	312	0	0
11/9/1984	1984	11	9	84314	314	0	0
11/11/1984	1984	11	11	84316	316	0	0
11/13/1984	1984	11	13	84318	318	0	0
11/15/1984	1984	11	15	84320	320	0	0
11/17/1984	1984	11	17	84322	322	0	0
11/19/1984	1984	11	19	84324	324	0	0
11/21/1984	1984	11	21	84326	326	0	0
11/23/1984	1984	11	23	84328	328	0	0
11/25/1984	1984	11	25	84330	330	0	0
11/27/1984	1984	11	27	84332	332	0	0
11/29/1984	1984	11	29	84334	334	0	0
12/1/1984	1984	12	1	84336	336	0	0
12/3/1984	1984	12	3	84338	338	0	0
12/5/1984	1984	12	5	84340	340	0	0
12/7/1984	1984	12	7	84342	342	0	0
12/9/1984	1984	12	9	84344	344	0	0
12/11/1984	1984	12	11	84346	346	0	0
12/13/1984	1984	12	13	84348	348	0	0
12/15/1984	1984	12	15	84350	350	0	0
12/17/1984	1984	12	17	84352	352	0	0
12/19/1984	1984	12	19	84354	354	0	0
12/21/1984	1984	12	21	84356	356	0	0
12/23/1984	1984	12	23	84358	358	0	0
12/25/1984	1984	12	25	84360	360	33	21
12/27/1984	1984	12	27	84362	362	0	26
12/29/1984	1984	12	29	84364	364	0	0
12/31/1984	1984	12	31	84366	366	47	46
1/2/1985	1985	1	2	85002	2	0	20
1/4/1985	1985	1	4	85004	4	0	0
1/6/1985	1985	1	6	85006	6	0	16
1/8/1985	1985	1	8	85008	8	33	25
1/10/1985	1985	1	10	85010	10	0	0
1/12/1985	1985	1	12	85012	12	0	0
1/14/1985	1985	1	14	85014	14	0	0
1/16/1985	1985	1	16	85016	16	0	0
1/18/1985	1985	1	18	85018	18	0	0
1/20/1985	1985	1	20	85020	20	0	0
1/22/1985	1985	1	22	85022	22	0	0
1/24/1985	1985	1	24	85024	24	0	0
1/26/1985	1985	1	26	85026	26	0	0
1/28/1985	1985	1	28	85028	28	0	0
1/30/1985	1985	1	30	85030	30	0	0
2/1/1985	1985	2	1	85032	32	0	0
2/3/1985	1985	2	3	85034	34	0	0
2/5/1985	1985	2	5	85036	36	0	0
2/7/1985	1985	2	7	85038	38	0	0
2/9/1985	1985	2	9	85040	40	0	0
2/11/1985	1985	2	11	85042	42	0	0
2/13/1985	1985	2	13	85044	44	0	0
2/15/1985	1985	2	15	85046	46	32	19
2/17/1985	1985	2	17	85048	48	83	71
2/19/1985	1985	2	19	85050	50	81	84
2/21/1985	1985	2	21	85052	52	90	90
2/23/1985	1985	2	23	85054	54	96	94
2/25/1985	1985	2	25	85056	56	95	94
2/27/1985	1985	2	27	85058	58	98	96
3/1/1985	1985	3	1	85060	60	100	100
3/3/1985	1985	3	3	85062	62	93	93
3/5/1985	1985	3	5	85064	64	100	93
3/7/1985	1985	3	7	85066	66	96	57
3/9/1985	1985	3	9	85068	68	93	100
3/11/1985	1985	3	11	85070	70	100	93
3/13/1985	1985	3	13	85072	72	93	93
3/15/1985	1985	3	15	85074	74	93	93
3/17/1985	1985	3	17	85076	76	99	94
3/19/1985	1985	3	19	85078	78	89	92
3/21/1985	1985	3	21	85080	80	89	90
3/23/1985	1985	3	23	85082	82	92	91
3/25/1985	1985	3	25	85084	84	95	96
3/27/1985	1985	3	27	85086	86	93	93
3/29/1985	1985	3	29	85088	88	94	93
3/31/1985	1985	3	31	85090	90	94	96
4/2/1985	1985	4	2	85092	92	95	99
4/4/1985	1985	4	4	85094	94	94	94
4/6/1985	1985	4	6	85096	96	97	92
4/8/1985	1985	4	8	85098	98	98	92
4/10/1985	1985	4	10	85100	100	96	99
4/12/1985	1985	4	12	85102	102	97	97
4/14/1985	1985	4	14	85104	104	97	100
4/16/1985	1985	4	16	85106	106	98	100
4/18/1985	1985	4	18	85108	108	100	97
4/20/1985	1985	4	20	85110	110	100	98
4/22/1985	1985	4	22	85112	112	100	100
4/24/1985	1985	4	24	85114	114	100	100
4/26/1985	1985	4	26	85116	116	100	100
4/28/1985	1985	4	28	85118	118	100	100
4/30/1985	1985	4	30	85120	120	100	100
11/2/1985	1985	11	2	85306	306	0	0
11/4/1985	1985	11	4	85308	308	0	0
11/6/1985	1985	11	6	85310	310	0	0
11/8/1985	1985	11	8	85312	312	0	0
11/10/1985	1985	11	10	85314	314	0	0
11/12/1985	1985	11	12	85316	316	0	0
11/14/1985	1985	11	14	85318	318	0	0
11/16/1985	1985	11	16	85320	320	0	0
11/18/1985	1985	11	18	85322	322	0	0
11/20/1985	1985	11	20	85324	324	0	0
11/22/1985	1985	11	22	85326	326	0	0
11/24/1985	1985	11	24	85328	328	0	0
11/26/1985	1985	11	26	85330	330	0	0
11/28/1985	1985	11	28	85332	332	0	0
11/30/1985	1985	11	30	85334	334	0	0
12/2/1985	1985	12	2	85336	336	0	0
12/4/1985	1985	12	4	85338	338	0	0
12/6/1985	1985	12	6	85340	340	0	0
12/8/1985	1985	12	8	85342	342	0	0
12/10/1985	1985	12	10	85344	344	0	0
12/12/1985	1985	12	12	85346	346	0	0
12/14/1985	1985	12	14	85348	348	0	0
12/16/1985	1985	12	16	85350	350	0	0
12/18/1985	1985	12	18	85352	352	0	0
12/20/1985	1985	12	20	85354	354	0	0
12/22/1985	1985	12	22	85356	356	0	0
12/24/1985	1985	12	24	85358	358	0	0
12/26/1985	1985	12	26	85360	360	0	0
12/28/1985	1985	12	28	85362	362	0	0
12/30/1985	1985	12	30	85364	364	0	0
1/1/1986	1986	1	1	86001	1	0	0
1/3/1986	1986	1	3	86003	3	0	0
1/5/1986	1986	1	5	86005	5	0	0
1/7/1986	1986	1	7	86007	7	45	37
1/9/1986	1986	1	9	86009	9	39	27
1/11/1986	1986	1	11	86011	11	64	54
1/13/1986	1986	1	13	86013	13	87	78
1/15/1986	1986	1	15	86015	15	84	68
1/17/1986	1986	1	17	86017	17	93	87
1/19/1986	1986	1	19	86019	19	93	95
1/21/1986	1986	1	21	86021	21	100	97
1/23/1986	1986	1	23	86023	23	93	94
1/25/1986	1986	1	25	86025	25	89	85
1/27/1986	1986	1	27	86027	27	95	74
1/29/1986	1986	1	29	86029	29	98	90
1/31/1986	1986	1	31	86031	31	88	87
2/2/1986	1986	2	2	86033	33	98	100
2/4/1986	1986	2	4	86035	35	99	92
2/6/1986	1986	2	6	86037	37	93	89
2/8/1986	1986	2	8	86039	39	98	92
2/10/1986	1986	2	10	86041	41	94	93
2/12/1986	1986	2	12	86043	43	97	90
2/14/1986	1986	2	14	86045	45	100	100
2/16/1986	1986	2	16	86047	47	100	100
2/18/1986	1986	2	18	86049	49	92	100
2/20/1986	1986	2	20	86051	51	100	100
2/22/1986	1986	2	22	86053	53	94	92
2/24/1986	1986	2	24	86055	55	100	100
2/26/1986	1986	2	26	86057	57	93	93
2/28/1986	1986	2	28	86059	59	95	95
3/2/1986	1986	3	2	86061	61	100	100
3/4/1986	1986	3	4	86063	63	100	100
3/6/1986	1986	3	6	86065	65	96	96
3/8/1986	1986	3	8	86067	67	97	99
3/10/1986	1986	3	10	86069	69	97	97
3/12/1986	1986	3	12	86071	71	99	100
3/14/1986	1986	3	14	86073	73	97	100
3/16/1986	1986	3	16	86075	75	96	93
3/18/1986	1986	3	18	86077	77	99	96
3/20/1986	1986	3	20	86079	79	99	94
3/22/1986	1986	3	22	86081	81	96	93
3/24/1986	1986	3	24	86083	83	97	97
3/26/1986	1986	3	26	86085	85	95	93
3/28/1986	1986	3	28	86087	87	93	93
3/30/1986	1986	3	30	86089	89	93	93
4/1/1986	1986	4	1	86091	91	92	92
4/3/1986	1986	4	3	86093	93	90	89
4/5/1986	1986	4	5	86095	95	87	85
4/7/1986	1986	4	7	86097	97	85	81
4/9/1986	1986	4	9	86099	99	82	77
4/11/1986	1986	4	11	86101	101	80	74
4/13/1986	1986	4	13	86103	103	77	71
4/15/1986	1986	4	15	86105	105	74	68
4/17/1986	1986	4	17	86107	107	82	73
4/19/1986	1986	4	19	86109	109	74	73
4/21/1986	1986	4	21	86111	111	98	96
4/23/1986	1986	4	23	86113	113	97	94
4/25/1986	1986	4	25	86115	115	75	73
4/27/1986	1986	4	27	86117	117	73	71
4/29/1986	1986	4	29	86119	119	62	63
11/1/1986	1986	11	1	86305	305	0	0
11/3/1986	1986	11	3	86307	307	0	0
11/5/1986	1986	11	5	86309	309	0	0
11/7/1986	1986	11	7	86311	311	0	0
11/9/1986	1986	11	9	86313	313	0	0
11/11/1986	1986	11	11	86315	315	0	0
11/13/1986	1986	11	13	86317	317	0	0
11/15/1986	1986	11	15	86319	319	0	0
11/17/1986	1986	11	17	86321	321	0	0
11/19/1986	1986	11	19	86323	323	0	0
11/21/1986	1986	11	21	86325	325	0	0
11/23/1986	1986	11	23	86327	327	0	0
11/25/1986	1986	11	25	86329	329	0	0
11/27/1986	1986	11	27	86331	331	0	0
11/29/1986	1986	11	29	86333	333	0	0
12/1/1986	1986	12	1	86335	335	0	0
12/3/1986	1986	12	3	86337	337	0	0
12/5/1986	1986	12	5	86339	339	0	0
12/7/1986	1986	12	7	86341	341	0	0
12/9/1986	1986	12	9	86343	343	0	0
12/11/1986	1986	12	11	86345	345	0	0
12/13/1986	1986	12	13	86347	347	0	0
12/15/1986	1986	12	15	86349	349	0	0
12/17/1986	1986	12	17	86351	351	0	0
12/19/1986	1986	12	19	86353	353	0	0
12/21/1986	1986	12	21	86355	355	0	0
12/23/1986	1986	12	23	86357	357	0	0
12/25/1986	1986	12	25	86359	359	0	0
12/27/1986	1986	12	27	86361	361	0	0
12/29/1986	1986	12	29	86363	363	0	0
12/31/1986	1986	12	31	86365	365	28	21
1/2/1987	1987	1	2	87002	2	34	26
1/4/1987	1987	1	4	87004	4	55	39
1/6/1987	1987	1	6	87006	6	60	69
1/8/1987	1987	1	8	87008	8	84	74
1/10/1987	1987	1	10	87010	10	90	87
1/12/1987	1987	1	12	87012	12	80	57
1/14/1987	1987	1	14	87014	14	0	0
1/16/1987	1987	1	16	87016	16	0	0
1/18/1987	1987	1	18	87018	18	0	0
1/20/1987	1987	1	20	87020	20	0	0
1/22/1987	1987	1	22	87022	22	81	67
1/24/1987	1987	1	24	87024	24	81	76
1/26/1987	1987	1	26	87026	26	85	74
1/28/1987	1987	1	28	87028	28	90	67
1/30/1987	1987	1	30	87030	30	90	88
2/1/1987	1987	2	1	87032	32	84	84
2/3/1987	1987	2	3	87034	34	93	93
2/5/1987	1987	2	5	87036	36	96	96
2/7/1987	1987	2	7	87038	38	95	95
2/9/1987	1987	2	9	87040	40	95	92
2/11/1987	1987	2	11	87042	42	100	100
2/13/1987	1987	2	13	87044	44	100	100
2/15/1987	1987	2	15	87046	46	92	94
2/17/1987	1987	2	17	87048	48	95	94
2/19/1987	1987	2	19	87050	50	87	91
2/21/1987	1987	2	21	87052	52	97	95
2/23/1987	1987	2	23	87054	54	95	96
2/25/1987	1987	2	25	87056	56	97	92
2/27/1987	1987	2	27	87058	58	99	93
3/1/1987	1987	3	1	87060	60	95	94
3/3/1987	1987	3	3	87062	62	100	95
3/5/1987	1987	3	5	87064	64	96	93
3/7/1987	1987	3	7	87066	66	94	92
3/9/1987	1987	3	9	87068	68	100	97
3/11/1987	1987	3	11	87070	70	100	95
3/13/1987	1987	3	13	87072	72	99	99
3/15/1987	1987	3	15	87074	74	100	99
3/17/1987	1987	3	17	87076	76	100	100
3/19/1987	1987	3	19	87078	78	93	93
3/21/1987	1987	3	21	87080	80	92	91
3/23/1987	1987	3	23	87082	82	95	99
3/25/1987	1987	3	25	87084	84	93	95
3/27/1987	1987	3	27	87086	86	100	97
3/29/1987	1987	3	29	87088	88	99	94
3/31/1987	1987	3	31	87090	90	100	100
4/2/1987	1987	4	2	87092	92	94	94
4/4/1987	1987	4	4	87094	94	90	91
4/6/1987	1987	4	6	87096	96	96	92
4/8/1987	1987	4	8	87098	98	96	93
4/10/1987	1987	4	10	87100	100	95	94
4/12/1987	1987	4	12	87102	102	98	98
4/14/1987	1987	4	14	87104	104	95	97
4/16/1987	1987	4	16	87106	106	96	99
4/18/1987	1987	4	18	87108	108	100	100
4/20/1987	1987	4	20	87110	110	98	97
4/22/1987	1987	4	22	87112	112	93	94
4/24/1987	1987	4	24	87114	114	98	95
4/26/1987	1987	4	26	87116	116	100	100
4/28/1987	1987	4	28	87118	118	95	92
4/30/1987	1987	4	30	87120	120	100	100
11/1/1987	1987	11	1	87305	305	0	0
11/2/1987	1987	11	2	87306	306	0	0
11/3/1987	1987	11	3	87307	307	0	0
11/4/1987	1987	11	4	87308	308	0	0
11/5/1987	1987	11	5	87309	309	0	0
11/6/1987	1987	11	6	87310	310	0	0
11/7/1987	1987	11	7	87311	311	0	0
11/8/1987	1987	11	8	87312	312	0	0
11/9/1987	1987	11	9	87313	313	0	0
11/10/1987	1987	11	10	87314	314	0	0
11/11/1987	1987	11	11	87315	315	0	0
11/12/1987	1987	11	12	87316	316	0	0
11/13/1987	1987	11	13	87317	317	0	0
11/14/1987	1987	11	14	87318	318	0	0
11/15/1987	1987	11	15	87319	319	0	0
11/16/1987	1987	11	16	87320	320	0	0
11/17/1987	1987	11	17	87321	321	0	0
11/18/1987	1987	11	18	87322	322	0	0
11/19/1987	1987	11	19	87323	323	0	0
11/20/1987	1987	11	20	87324	324	0	0
11/21/1987	1987	11	21	87325	325	0	0
11/22/1987	1987	11	22	87326	326	0	0
11/23/1987	1987	11	23	87327	327	0	0
11/24/1987	1987	11	24	87328	328	0	0
11/25/1987	1987	11	25	87329	329	0	0
11/26/1987	1987	11	26	87330	330	0	0
11/27/1987	1987	11	27	87331	331	0	0
11/28/1987	1987	11	28	87332	332	0	0
11/29/1987	1987	11	29	87333	333	49	29
11/30/1987	1987	11	30	87334	334	71	67
12/1/1987	1987	12	1	87335	335	60	49
12/2/1987	1987	12	2	87336	336	85	75
1/14/1988	1988	1	14	88014	14	83	81
1/15/1988	1988	1	15	88015	15	95	92
1/16/1988	1988	1	16	88016	16	97	97
1/17/1988	1988	1	17	88017	17	96	96
1/18/1988	1988	1	18	88018	18	93	94
1/19/1988	1988	1	19	88019	19	97	96
1/20/1988	1988	1	20	88020	20	92	92
1/21/1988	1988	1	21	88021	21	95	92
1/22/1988	1988	1	22	88022	22	99	97
1/23/1988	1988	1	23	88023	23	100	98
1/24/1988	1988	1	24	88024	24	99	99
1/25/1988	1988	1	25	88025	25	94	94
1/26/1988	1988	1	26	88026	26	93	93
1/27/1988	1988	1	27	88027	27	97	97
1/28/1988	1988	1	28	88028	28	92	94
1/29/1988	1988	1	29	88029	29	98	96
1/30/1988	1988	1	30	88030	30	97	96
1/31/1988	1988	1	31	88031	31	94	97
2/1/1988	1988	2	1	88032	32	93	96
2/2/1988	1988	2	2	88033	33	95	70
2/3/1988	1988	2	3	88034	34	100	95
2/4/1988	1988	2	4	88035	35	98	97
2/5/1988	1988	2	5	88036	36	94	94
2/6/1988	1988	2	6	88037	37	100	100
2/7/1988	1988	2	7	88038	38	95	95
2/8/1988	1988	2	8	88039	39	93	93
2/9/1988	1988	2	9	88040	40	98	97
2/10/1988	1988	2	10	88041	41	100	100
2/11/1988	1988	2	11	88042	42	100	100
2/12/1988	1988	2	12	88043	43	100	100
2/13/1988	1988	2	13	88044	44	100	100
2/14/1988	1988	2	14	88045	45	100	100
2/15/1988	1988	2	15	88046	46	100	100
2/16/1988	1988	2	16	88047	47	100	92
2/17/1988	1988	2	17	88048	48	97	98
2/18/1988	1988	2	18	88049	49	96	98
2/19/1988	1988	2	19	88050	50	93	93
2/20/1988	1988	2	20	88051	51	92	92
2/21/1988	1988	2	21	88052	52	92	92
2/22/1988	1988	2	22	88053	53	100	100
2/23/1988	1988	2	23	88054	54	100	100
2/24/1988	1988	2	24	88055	55	99	99
2/25/1988	1988	2	25	88056	56	100	100
2/26/1988	1988	2	26	88057	57	100	100
2/27/1988	1988	2	27	88058	58	100	100
2/28/1988	1988	2	28	88059	59	97	96
2/29/1988	1988	2	29	88060	60	NA	96
3/1/1988	1988	3	1	88061	61	99	99
3/2/1988	1988	3	2	88062	62	99	100
3/3/1988	1988	3	3	88063	63	100	100
3/4/1988	1988	3	4	88064	64	100	100
3/5/1988	1988	3	5	88065	65	100	100
3/6/1988	1988	3	6	88066	66	100	100
3/7/1988	1988	3	7	88067	67	100	100
3/8/1988	1988	3	8	88068	68	100	100
3/9/1988	1988	3	9	88069	69	95	94
3/10/1988	1988	3	10	88070	70	95	97
3/11/1988	1988	3	11	88071	71	93	94
3/12/1988	1988	3	12	88072	72	96	92
3/13/1988	1988	3	13	88073	73	97	97
3/14/1988	1988	3	14	88074	74	97	96
3/15/1988	1988	3	15	88075	75	94	94
3/16/1988	1988	3	16	88076	76	93	93
3/17/1988	1988	3	17	88077	77	93	93
3/18/1988	1988	3	18	88078	78	100	100
3/19/1988	1988	3	19	88079	79	100	100
3/20/1988	1988	3	20	88080	80	97	98
3/21/1988	1988	3	21	88081	81	94	95
3/22/1988	1988	3	22	88082	82	93	94
3/23/1988	1988	3	23	88083	83	92	93
3/24/1988	1988	3	24	88084	84	94	92
3/25/1988	1988	3	25	88085	85	93	95
3/26/1988	1988	3	26	88086	86	94	92
3/27/1988	1988	3	27	88087	87	96	97
3/28/1988	1988	3	28	88088	88	94	96
3/29/1988	1988	3	29	88089	89	93	96
3/30/1988	1988	3	30	88090	90	95	95
3/31/1988	1988	3	31	88091	91	95	96
4/1/1988	1988	4	1	88092	92	92	93
4/2/1988	1988	4	2	88093	93	92	93
4/3/1988	1988	4	3	88094	94	90	90
4/4/1988	1988	4	4	88095	95	81	83
4/5/1988	1988	4	5	88096	96	94	95
4/6/1988	1988	4	6	88097	97	84	85
4/7/1988	1988	4	7	88098	98	86	86
4/8/1988	1988	4	8	88099	99	91	91
4/9/1988	1988	4	9	88100	100	96	95
4/10/1988	1988	4	10	88101	101	95	94
4/11/1988	1988	4	11	88102	102	100	100
4/12/1988	1988	4	12	88103	103	96	96
4/13/1988	1988	4	13	88104	104	96	96
4/14/1988	1988	4	14	88105	105	79	81
4/15/1988	1988	4	15	88106	106	79	80
4/16/1988	1988	4	16	88107	107	81	82
4/17/1988	1988	4	17	88108	108	85	85
4/18/1988	1988	4	18	88109	109	73	74
4/19/1988	1988	4	19	88110	110	75	77
4/20/1988	1988	4	20	88111	111	60	61
4/21/1988	1988	4	21	88112	112	49	51
4/22/1988	1988	4	22	88113	113	39	41
4/23/1988	1988	4	23	88114	114	0	23
4/24/1988	1988	4	24	88115	115	25	27
4/25/1988	1988	4	25	88116	116	0	27
4/26/1988	1988	4	26	88117	117	33	39
4/27/1988	1988	4	27	88118	118	29	36
4/28/1988	1988	4	28	88119	119	29	24
4/29/1988	1988	4	29	88120	120	39	30
4/30/1988	1988	4	30	88121	121	38	32
11/1/1988	1988	11	1	88306	306	0	0
11/2/1988	1988	11	2	88307	307	0	0
11/3/1988	1988	11	3	88308	308	0	0
11/4/1988	1988	11	4	88309	309	0	0
11/5/1988	1988	11	5	88310	310	0	0
11/6/1988	1988	11	6	88311	311	0	0
11/7/1988	1988	11	7	88312	312	0	0
11/8/1988	1988	11	8	88313	313	0	0
11/9/1988	1988	11	9	88314	314	0	0
11/10/1988	1988	11	10	88315	315	0	0
11/11/1988	1988	11	11	88316	316	0	0
11/12/1988	1988	11	12	88317	317	0	0
11/13/1988	1988	11	13	88318	318	0	0
11/14/1988	1988	11	14	88319	319	0	0
11/15/1988	1988	11	15	88320	320	0	0
11/16/1988	1988	11	16	88321	321	0	0
11/17/1988	1988	11	17	88322	322	0	0
11/18/1988	1988	11	18	88323	323	0	0
11/19/1988	1988	11	19	88324	324	0	0
11/20/1988	1988	11	20	88325	325	0	0
11/21/1988	1988	11	21	88326	326	0	0
11/22/1988	1988	11	22	88327	327	0	0
11/23/1988	1988	11	23	88328	328	0	0
11/24/1988	1988	11	24	88329	329	0	0
11/25/1988	1988	11	25	88330	330	0	0
11/26/1988	1988	11	26	88331	331	0	0
11/27/1988	1988	11	27	88332	332	0	0
11/28/1988	1988	11	28	88333	333	0	0
11/29/1988	1988	11	29	88334	334	17	0
11/30/1988	1988	11	30	88335	335	27	14
12/1/1988	1988	12	1	88336	336	34	20
12/2/1988	1988	12	2	88337	337	41	27
12/3/1988	1988	12	3	88338	338	39	33
12/4/1988	1988	12	4	88339	339	42	32
12/5/1988	1988	12	5	88340	340	67	60
12/6/1988	1988	12	6	88341	341	90	75
12/7/1988	1988	12	7	88342	342	79	60
12/8/1988	1988	12	8	88343	343	89	80
12/9/1988	1988	12	9	88344	344	93	90
12/10/1988	1988	12	10	88345	345	98	93
12/11/1988	1988	12	11	88346	346	97	99
12/12/1988	1988	12	12	88347	347	99	100
12/13/1988	1988	12	13	88348	348	98	99
12/14/1988	1988	12	14	88349	349	100	100
12/15/1988	1988	12	15	88350	350	100	96
12/16/1988	1988	12	16	88351	351	100	94
12/17/1988	1988	12	17	88352	352	94	94
12/18/1988	1988	12	18	88353	353	100	95
12/19/1988	1988	12	19	88354	354	95	94
12/20/1988	1988	12	20	88355	355	96	93
12/21/1988	1988	12	21	88356	356	97	96
12/22/1988	1988	12	22	88357	357	95	94
12/23/1988	1988	12	23	88358	358	93	93
12/24/1988	1988	12	24	88359	359	97	99
12/25/1988	1988	12	25	88360	360	98	99
12/26/1988	1988	12	26	88361	361	98	99
12/27/1988	1988	12	27	88362	362	99	99
12/28/1988	1988	12	28	88363	363	99	100
12/29/1988	1988	12	29	88364	364	100	100
12/30/1988	1988	12	30	88365	365	100	100
12/31/1988	1988	12	31	88366	366	100	100
1/1/1989	1989	1	1	89001	1	100	100
1/2/1989	1989	1	2	89002	2	95	94
1/3/1989	1989	1	3	89003	3	97	97
1/4/1989	1989	1	4	89004	4	97	96
1/5/1989	1989	1	5	89005	5	96	96
1/6/1989	1989	1	6	89006	6	78	80
1/7/1989	1989	1	7	89007	7	83	61
1/8/1989	1989	1	8	89008	8	71	62
1/9/1989	1989	1	9	89009	9	84	81
1/10/1989	1989	1	10	89010	10	92	88
1/11/1989	1989	1	11	89011	11	91	92
1/12/1989	1989	1	12	89012	12	93	93
1/13/1989	1989	1	13	89013	13	97	94
1/14/1989	1989	1	14	89014	14	98	97
1/15/1989	1989	1	15	89015	15	100	100
1/16/1989	1989	1	16	89016	16	98	98
1/17/1989	1989	1	17	89017	17	99	99
1/18/1989	1989	1	18	89018	18	100	100
1/19/1989	1989	1	19	89019	19	94	92
1/20/1989	1989	1	20	89020	20	92	92
1/21/1989	1989	1	21	89021	21	94	93
1/22/1989	1989	1	22	89022	22	97	97
1/23/1989	1989	1	23	89023	23	100	100
1/24/1989	1989	1	24	89024	24	100	100
1/25/1989	1989	1	25	89025	25	100	100
1/26/1989	1989	1	26	89026	26	100	100
1/27/1989	1989	1	27	89027	27	100	100
1/28/1989	1989	1	28	89028	28	100	100
1/29/1989	1989	1	29	89029	29	100	100
1/30/1989	1989	1	30	89030	30	100	100
1/31/1989	1989	1	31	89031	31	98	94
2/1/1989	1989	2	1	89032	32	100	97
2/2/1989	1989	2	2	89033	33	100	100
2/3/1989	1989	2	3	89034	34	100	100
2/4/1989	1989	2	4	89035	35	98	98
2/5/1989	1989	2	5	89036	36	99	99
2/6/1989	1989	2	6	89037	37	97	97
2/7/1989	1989	2	7	89038	38	99	97
2/8/1989	1989	2	8	89039	39	99	99
2/9/1989	1989	2	9	89040	40	93	88
2/10/1989	1989	2	10	89041	41	94	77
2/11/1989	1989	2	11	89042	42	93	81
2/12/1989	1989	2	12	89043	43	68	59
2/13/1989	1989	2	13	89044	44	55	0
2/14/1989	1989	2	14	89045	45	39	0
2/15/1989	1989	2	15	89046	46	21	0
2/16/1989	1989	2	16	89047	47	0	0
2/17/1989	1989	2	17	89048	48	0	0
2/18/1989	1989	2	18	89049	49	0	0
2/19/1989	1989	2	19	89050	50	29	31
2/20/1989	1989	2	20	89051	51	48	48
2/21/1989	1989	2	21	89052	52	70	72
2/22/1989	1989	2	22	89053	53	79	79
2/23/1989	1989	2	23	89054	54	65	67
2/24/1989	1989	2	24	89055	55	76	76
2/25/1989	1989	2	25	89056	56	76	75
2/26/1989	1989	2	26	89057	57	100	96
2/27/1989	1989	2	27	89058	58	90	83
2/28/1989	1989	2	28	89059	59	79	53
3/1/1989	1989	3	1	89060	60	45	35
3/2/1989	1989	3	2	89061	61	65	58
3/3/1989	1989	3	3	89062	62	92	91
3/4/1989	1989	3	4	89063	63	86	86
3/5/1989	1989	3	5	89064	64	79	76
3/6/1989	1989	3	6	89065	65	86	81
3/7/1989	1989	3	7	89066	66	73	72
3/8/1989	1989	3	8	89067	67	68	59
3/9/1989	1989	3	9	89068	68	60	35
3/10/1989	1989	3	10	89069	69	42	0
3/11/1989	1989	3	11	89070	70	0	0
3/12/1989	1989	3	12	89071	71	0	0
3/13/1989	1989	3	13	89072	72	0	0
3/14/1989	1989	3	14	89073	73	0	0
3/15/1989	1989	3	15	89074	74	23	21
3/16/1989	1989	3	16	89075	75	33	29
3/17/1989	1989	3	17	89076	76	44	31
3/18/1989	1989	3	18	89077	77	55	39
3/19/1989	1989	3	19	89078	78	74	67
3/20/1989	1989	3	20	89079	79	75	77
3/21/1989	1989	3	21	89080	80	82	84
3/22/1989	1989	3	22	89081	81	83	85
3/23/1989	1989	3	23	89082	82	100	100
3/24/1989	1989	3	24	89083	83	100	100
3/25/1989	1989	3	25	89084	84	100	100
3/26/1989	1989	3	26	89085	85	99	99
3/27/1989	1989	3	27	89086	86	94	94
3/28/1989	1989	3	28	89087	87	98	98
3/29/1989	1989	3	29	89088	88	97	96
3/30/1989	1989	3	30	89089	89	99	99
3/31/1989	1989	3	31	89090	90	97	97
4/1/1989	1989	4	1	89091	91	98	97
4/2/1989	1989	4	2	89092	92	99	99
4/3/1989	1989	4	3	89093	93	97	98
4/4/1989	1989	4	4	89094	94	95	95
4/5/1989	1989	4	5	89095	95	95	95
4/6/1989	1989	4	6	89096	96	93	93
4/7/1989	1989	4	7	89097	97	90	90
4/8/1989	1989	4	8	89098	98	95	95
4/9/1989	1989	4	9	89099	99	92	93
4/10/1989	1989	4	10	89100	100	91	92
4/11/1989	1989	4	11	89101	101	90	88
4/12/1989	1989	4	12	89102	102	90	81
4/13/1989	1989	4	13	89103	103	72	68
4/14/1989	1989	4	14	89104	104	51	40
4/15/1989	1989	4	15	89105	105	39	31
4/16/1989	1989	4	16	89106	106	25	0
4/17/1989	1989	4	17	89107	107	0	0
4/18/1989	1989	4	18	89108	108	0	0
4/19/1989	1989	4	19	89109	109	0	0
4/20/1989	1989	4	20	89110	110	0	0
4/21/1989	1989	4	21	89111	111	0	0
4/22/1989	1989	4	22	89112	112	0	0
4/23/1989	1989	4	23	89113	113	0	0
4/24/1989	1989	4	24	89114	114	0	16
4/25/1989	1989	4	25	89115	115	25	19
4/26/1989	1989	4	26	89116	116	38	37
4/27/1989	1989	4	27	89117	117	28	29
4/28/1989	1989	4	28	89118	118	21	21
4/29/1989	1989	4	29	89119	119	41	35
4/30/1989	1989	4	30	89120	120	33	24
11/1/1989	1989	11	1	89305	305	0	0
11/2/1989	1989	11	2	89306	306	0	0
11/3/1989	1989	11	3	89307	307	0	0
11/4/1989	1989	11	4	89308	308	0	0
11/5/1989	1989	11	5	89309	309	0	0
11/6/1989	1989	11	6	89310	310	0	0
11/7/1989	1989	11	7	89311	311	0	0
11/8/1989	1989	11	8	89312	312	0	0
11/9/1989	1989	11	9	89313	313	0	0
11/10/1989	1989	11	10	89314	314	0	0
11/11/1989	1989	11	11	89315	315	0	0
11/12/1989	1989	11	12	89316	316	0	0
11/13/1989	1989	11	13	89317	317	0	0
11/14/1989	1989	11	14	89318	318	0	0
11/15/1989	1989	11	15	89319	319	0	0
11/16/1989	1989	11	16	89320	320	0	0
11/17/1989	1989	11	17	89321	321	0	0
11/18/1989	1989	11	18	89322	322	0	0
11/19/1989	1989	11	19	89323	323	0	0
11/20/1989	1989	11	20	89324	324	0	0
11/21/1989	1989	11	21	89325	325	0	0
11/22/1989	1989	11	22	89326	326	0	0
11/23/1989	1989	11	23	89327	327	0	0
11/24/1989	1989	11	24	89328	328	0	0
11/25/1989	1989	11	25	89329	329	0	0
11/26/1989	1989	11	26	89330	330	0	0
11/27/1989	1989	11	27	89331	331	0	0
11/28/1989	1989	11	28	89332	332	0	0
11/29/1989	1989	11	29	89333	333	0	0
11/30/1989	1989	11	30	89334	334	0	0
12/1/1989	1989	12	1	89335	335	0	0
12/2/1989	1989	12	2	89336	336	0	0
12/3/1989	1989	12	3	89337	337	0	0
12/4/1989	1989	12	4	89338	338	0	0
12/5/1989	1989	12	5	89339	339	0	0
12/6/1989	1989	12	6	89340	340	0	0
12/7/1989	1989	12	7	89341	341	0	0
12/8/1989	1989	12	8	89342	342	0	0
12/9/1989	1989	12	9	89343	343	0	0
12/10/1989	1989	12	10	89344	344	0	0
12/11/1989	1989	12	11	89345	345	0	0
12/12/1989	1989	12	12	89346	346	0	0
12/13/1989	1989	12	13	89347	347	0	0
12/14/1989	1989	12	14	89348	348	0	0
12/15/1989	1989	12	15	89349	349	0	0
12/16/1989	1989	12	16	89350	350	0	0
12/17/1989	1989	12	17	89351	351	0	0
12/18/1989	1989	12	18	89352	352	0	0
12/19/1989	1989	12	19	89353	353	0	0
12/20/1989	1989	12	20	89354	354	0	0
12/21/1989	1989	12	21	89355	355	0	0
12/22/1989	1989	12	22	89356	356	0	12
12/23/1989	1989	12	23	89357	357	20	15
12/24/1989	1989	12	24	89358	358	39	21
12/25/1989	1989	12	25	89359	359	60	40
12/26/1989	1989	12	26	89360	360	66	37
12/27/1989	1989	12	27	89361	361	48	21
12/28/1989	1989	12	28	89362	362	50	34
12/29/1989	1989	12	29	89363	363	75	51
12/30/1989	1989	12	30	89364	364	78	65
12/31/1989	1989	12	31	89365	365	86	69
1/1/1990	1990	1	1	90001	1	84	73
1/2/1990	1990	1	2	90002	2	75	62
1/3/1990	1990	1	3	90003	3	84	80
1/4/1990	1990	1	4	90004	4	92	90
1/5/1990	1990	1	5	90005	5	95	93
1/6/1990	1990	1	6	90006	6	95	97
1/7/1990	1990	1	7	90007	7	100	94
1/8/1990	1990	1	8	90008	8	100	92
1/9/1990	1990	1	9	90009	9	100	100
1/10/1990	1990	1	10	90010	10	92	94
1/11/1990	1990	1	11	90011	11	93	95
1/12/1990	1990	1	12	90012	12	95	93
1/13/1990	1990	1	13	90013	13	97	97
1/14/1990	1990	1	14	90014	14	98	97
1/15/1990	1990	1	15	90015	15	98	99
1/16/1990	1990	1	16	90016	16	99	99
1/17/1990	1990	1	17	90017	17	100	100
1/18/1990	1990	1	18	90018	18	100	100
1/19/1990	1990	1	19	90019	19	94	94
1/20/1990	1990	1	20	90020	20	95	96
1/21/1990	1990	1	21	90021	21	96	97
1/22/1990	1990	1	22	90022	22	100	100
1/23/1990	1990	1	23	90023	23	100	100
1/24/1990	1990	1	24	90024	24	99	99
1/25/1990	1990	1	25	90025	25	98	98
1/26/1990	1990	1	26	90026	26	96	96
1/27/1990	1990	1	27	90027	27	100	100
1/28/1990	1990	1	28	90028	28	99	99
1/29/1990	1990	1	29	90029	29	94	93
1/30/1990	1990	1	30	90030	30	100	100
1/31/1990	1990	1	31	90031	31	98	98
2/1/1990	1990	2	1	90032	32	94	95
2/2/1990	1990	2	2	90033	33	99	99
2/3/1990	1990	2	3	90034	34	100	100
2/4/1990	1990	2	4	90035	35	100	100
2/5/1990	1990	2	5	90036	36	100	100
2/6/1990	1990	2	6	90037	37	100	100
2/7/1990	1990	2	7	90038	38	100	100
2/8/1990	1990	2	8	90039	39	100	100
2/9/1990	1990	2	9	90040	40	100	100
2/10/1990	1990	2	10	90041	41	100	100
2/11/1990	1990	2	11	90042	42	100	100
2/12/1990	1990	2	12	90043	43	100	100
2/13/1990	1990	2	13	90044	44	99	99
2/14/1990	1990	2	14	90045	45	93	93
2/15/1990	1990	2	15	90046	46	99	99
2/16/1990	1990	2	16	90047	47	93	93
2/17/1990	1990	2	17	90048	48	95	95
2/18/1990	1990	2	18	90049	49	95	95
2/19/1990	1990	2	19	90050	50	94	94
2/20/1990	1990	2	20	90051	51	95	96
2/21/1990	1990	2	21	90052	52	93	95
2/22/1990	1990	2	22	90053	53	95	94
2/23/1990	1990	2	23	90054	54	95	97
2/24/1990	1990	2	24	90055	55	97	97
2/25/1990	1990	2	25	90056	56	97	97
2/26/1990	1990	2	26	90057	57	94	94
2/27/1990	1990	2	27	90058	58	95	96
2/28/1990	1990	2	28	90059	59	95	96
3/1/1990	1990	3	1	90060	60	99	98
3/2/1990	1990	3	2	90061	61	98	98
3/3/1990	1990	3	3	90062	62	97	97
3/4/1990	1990	3	4	90063	63	96	95
3/5/1990	1990	3	5	90064	64	99	99
3/6/1990	1990	3	6	90065	65	100	100
3/7/1990	1990	3	7	90066	66	98	97
3/8/1990	1990	3	8	90067	67	94	95
3/9/1990	1990	3	9	90068	68	95	96
3/10/1990	1990	3	10	90069	69	98	98
3/11/1990	1990	3	11	90070	70	97	98
3/12/1990	1990	3	12	90071	71	100	100
3/13/1990	1990	3	13	90072	72	100	100
3/14/1990	1990	3	14	90073	73	100	100
3/15/1990	1990	3	15	90074	74	100	100
3/16/1990	1990	3	16	90075	75	96	93
3/17/1990	1990	3	17	90076	76	100	100
3/18/1990	1990	3	18	90077	77	100	100
3/19/1990	1990	3	19	90078	78	100	100
3/20/1990	1990	3	20	90079	79	100	92
3/21/1990	1990	3	21	90080	80	100	92
3/22/1990	1990	3	22	90081	81	93	93
3/23/1990	1990	3	23	90082	82	100	100
3/24/1990	1990	3	24	90083	83	100	100
3/25/1990	1990	3	25	90084	84	100	100
3/26/1990	1990	3	26	90085	85	100	100
3/27/1990	1990	3	27	90086	86	100	100
3/28/1990	1990	3	28	90087	87	100	100
3/29/1990	1990	3	29	90088	88	100	100
3/30/1990	1990	3	30	90089	89	92	92
3/31/1990	1990	3	31	90090	90	92	94
4/1/1990	1990	4	1	90091	91	92	93
4/2/1990	1990	4	2	90092	92	100	100
4/3/1990	1990	4	3	90093	93	92	94
4/4/1990	1990	4	4	90094	94	94	94
4/5/1990	1990	4	5	90095	95	93	93
4/6/1990	1990	4	6	90096	96	100	98
4/7/1990	1990	4	7	90097	97	100	100
4/8/1990	1990	4	8	90098	98	100	100
4/9/1990	1990	4	9	90099	99	96	96
4/10/1990	1990	4	10	90100	100	93	94
4/11/1990	1990	4	11	90101	101	94	95
4/12/1990	1990	4	12	90102	102	94	94
4/13/1990	1990	4	13	90103	103	94	94
4/14/1990	1990	4	14	90104	104	93	94
4/15/1990	1990	4	15	90105	105	96	94
4/16/1990	1990	4	16	90106	106	94	94
4/17/1990	1990	4	17	90107	107	97	99
4/18/1990	1990	4	18	90108	108	92	95
4/19/1990	1990	4	19	90109	109	93	93
4/20/1990	1990	4	20	90110	110	82	84
4/21/1990	1990	4	21	90111	111	82	84
4/22/1990	1990	4	22	90112	112	92	93
4/23/1990	1990	4	23	90113	113	83	84
4/24/1990	1990	4	24	90114	114	92	93
4/25/1990	1990	4	25	90115	115	84	85
4/26/1990	1990	4	26	90116	116	88	88
4/27/1990	1990	4	27	90117	117	90	91
4/28/1990	1990	4	28	90118	118	93	94
4/29/1990	1990	4	29	90119	119	93	93
4/30/1990	1990	4	30	90120	120	94	95
11/1/1990	1990	11	1	90305	305	0	0
11/2/1990	1990	11	2	90306	306	0	0
11/3/1990	1990	11	3	90307	307	0	0
11/4/1990	1990	11	4	90308	308	0	0
11/5/1990	1990	11	5	90309	309	0	0
11/6/1990	1990	11	6	90310	310	0	0
11/7/1990	1990	11	7	90311	311	0	0
11/8/1990	1990	11	8	90312	312	0	0
11/9/1990	1990	11	9	90313	313	0	0
11/10/1990	1990	11	10	90314	314	0	0
11/11/1990	1990	11	11	90315	315	0	0
11/12/1990	1990	11	12	90316	316	0	0
11/13/1990	1990	11	13	90317	317	0	0
11/14/1990	1990	11	14	90318	318	0	0
11/15/1990	1990	11	15	90319	319	0	0
11/16/1990	1990	11	16	90320	320	0	0
11/17/1990	1990	11	17	90321	321	0	0
11/18/1990	1990	11	18	90322	322	0	0
11/19/1990	1990	11	19	90323	323	0	0
11/20/1990	1990	11	20	90324	324	0	0
11/21/1990	1990	11	21	90325	325	0	0
11/22/1990	1990	11	22	90326	326	0	0
11/23/1990	1990	11	23	90327	327	0	0
11/24/1990	1990	11	24	90328	328	0	0
11/25/1990	1990	11	25	90329	329	0	0
11/26/1990	1990	11	26	90330	330	0	0
11/27/1990	1990	11	27	90331	331	0	0
11/28/1990	1990	11	28	90332	332	0	0
11/29/1990	1990	11	29	90333	333	0	0
11/30/1990	1990	11	30	90334	334	0	0
12/1/1990	1990	12	1	90335	335	0	0
12/2/1990	1990	12	2	90336	336	0	0
12/3/1990	1990	12	3	90337	337	0	0
12/4/1990	1990	12	4	90338	338	0	0
12/5/1990	1990	12	5	90339	339	0	0
12/6/1990	1990	12	6	90340	340	0	0
12/7/1990	1990	12	7	90341	341	0	0
12/8/1990	1990	12	8	90342	342	0	0
12/9/1990	1990	12	9	90343	343	0	0
12/10/1990	1990	12	10	90344	344	0	0
12/11/1990	1990	12	11	90345	345	39	0
12/12/1990	1990	12	12	90346	346	31	0
12/13/1990	1990	12	13	90347	347	46	23
12/14/1990	1990	12	14	90348	348	35	19
12/15/1990	1990	12	15	90349	349	54	35
12/16/1990	1990	12	16	90350	350	76	69
12/17/1990	1990	12	17	90351	351	46	19
12/18/1990	1990	12	18	90352	352	0	0
12/19/1990	1990	12	19	90353	353	0	0
12/20/1990	1990	12	20	90354	354	23	0
12/21/1990	1990	12	21	90355	355	26	0
12/22/1990	1990	12	22	90356	356	36	11
12/23/1990	1990	12	23	90357	357	47	22
12/24/1990	1990	12	24	90358	358	58	33
12/25/1990	1990	12	25	90359	359	68	44
12/26/1990	1990	12	26	90360	360	79	54
12/27/1990	1990	12	27	90361	361	89	65
12/28/1990	1990	12	28	90362	362	95	79
12/29/1990	1990	12	29	90363	363	88	74
12/30/1990	1990	12	30	90364	364	86	69
12/31/1990	1990	12	31	90365	365	83	72
1/1/1991	1991	1	1	91001	1	89	76
1/2/1991	1991	1	2	91002	2	99	98
1/3/1991	1991	1	3	91003	3	99	100
1/4/1991	1991	1	4	91004	4	100	97
1/5/1991	1991	1	5	91005	5	99	97
1/6/1991	1991	1	6	91006	6	100	97
1/7/1991	1991	1	7	91007	7	100	95
1/8/1991	1991	1	8	91008	8	95	89
1/9/1991	1991	1	9	91009	9	94	90
1/10/1991	1991	1	10	91010	10	100	97
1/11/1991	1991	1	11	91011	11	100	100
1/12/1991	1991	1	12	91012	12	96	96
1/13/1991	1991	1	13	91013	13	93	94
1/14/1991	1991	1	14	91014	14	96	97
1/15/1991	1991	1	15	91015	15	95	95
1/16/1991	1991	1	16	91016	16	94	93
1/17/1991	1991	1	17	91017	17	95	96
1/18/1991	1991	1	18	91018	18	97	96
1/19/1991	1991	1	19	91019	19	100	96
1/20/1991	1991	1	20	91020	20	100	100
1/21/1991	1991	1	21	91021	21	99	99
1/22/1991	1991	1	22	91022	22	97	94
1/23/1991	1991	1	23	91023	23	100	100
1/24/1991	1991	1	24	91024	24	100	95
1/25/1991	1991	1	25	91025	25	100	100
1/26/1991	1991	1	26	91026	26	100	100
1/27/1991	1991	1	27	91027	27	99	99
1/28/1991	1991	1	28	91028	28	96	94
1/29/1991	1991	1	29	91029	29	95	96
1/30/1991	1991	1	30	91030	30	94	93
1/31/1991	1991	1	31	91031	31	93	95
2/1/1991	1991	2	1	91032	32	97	93
2/2/1991	1991	2	2	91033	33	97	96
2/3/1991	1991	2	3	91034	34	95	95
2/4/1991	1991	2	4	91035	35	100	100
2/5/1991	1991	2	5	91036	36	98	98
2/6/1991	1991	2	6	91037	37	100	100
2/7/1991	1991	2	7	91038	38	100	100
2/8/1991	1991	2	8	91039	39	100	100
2/9/1991	1991	2	9	91040	40	100	100
2/10/1991	1991	2	10	91041	41	100	100
2/11/1991	1991	2	11	91042	42	100	100
2/12/1991	1991	2	12	91043	43	100	100
2/13/1991	1991	2	13	91044	44	98	96
2/14/1991	1991	2	14	91045	45	100	100
2/15/1991	1991	2	15	91046	46	99	98
2/16/1991	1991	2	16	91047	47	97	96
2/17/1991	1991	2	17	91048	48	99	99
2/18/1991	1991	2	18	91049	49	100	99
2/19/1991	1991	2	19	91050	50	100	100
2/20/1991	1991	2	20	91051	51	99	99
2/21/1991	1991	2	21	91052	52	95	95
2/22/1991	1991	2	22	91053	53	95	95
2/23/1991	1991	2	23	91054	54	100	100
2/24/1991	1991	2	24	91055	55	100	100
2/25/1991	1991	2	25	91056	56	98	98
2/26/1991	1991	2	26	91057	57	99	98
2/27/1991	1991	2	27	91058	58	98	97
2/28/1991	1991	2	28	91059	59	97	95
3/1/1991	1991	3	1	91060	60	95	95
3/2/1991	1991	3	2	91061	61	93	94
3/3/1991	1991	3	3	91062	62	93	96
3/4/1991	1991	3	4	91063	63	93	94
3/5/1991	1991	3	5	91064	64	93	95
3/6/1991	1991	3	6	91065	65	97	92
3/7/1991	1991	3	7	91066	66	100	100
3/8/1991	1991	3	8	91067	67	94	92
3/9/1991	1991	3	9	91068	68	93	94
3/10/1991	1991	3	10	91069	69	93	93
3/11/1991	1991	3	11	91070	70	93	93
3/12/1991	1991	3	12	91071	71	93	94
3/13/1991	1991	3	13	91072	72	87	88
3/14/1991	1991	3	14	91073	73	94	94
3/15/1991	1991	3	15	91074	74	93	93
3/16/1991	1991	3	16	91075	75	93	93
3/17/1991	1991	3	17	91076	76	93	93
3/18/1991	1991	3	18	91077	77	92	93
3/19/1991	1991	3	19	91078	78	95	96
3/20/1991	1991	3	20	91079	79	95	93
3/21/1991	1991	3	21	91080	80	92	95
3/22/1991	1991	3	22	91081	81	95	95
3/23/1991	1991	3	23	91082	82	94	93
3/24/1991	1991	3	24	91083	83	98	92
3/25/1991	1991	3	25	91084	84	100	93
3/26/1991	1991	3	26	91085	85	100	95
3/27/1991	1991	3	27	91086	86	93	93
3/28/1991	1991	3	28	91087	87	93	94
3/29/1991	1991	3	29	91088	88	95	93
3/30/1991	1991	3	30	91089	89	97	95
3/31/1991	1991	3	31	91090	90	97	95
4/1/1991	1991	4	1	91091	91	100	95
4/2/1991	1991	4	2	91092	92	99	93
4/3/1991	1991	4	3	91093	93	94	95
4/4/1991	1991	4	4	91094	94	93	92
4/5/1991	1991	4	5	91095	95	95	95
4/6/1991	1991	4	6	91096	96	96	96
4/7/1991	1991	4	7	91097	97	98	98
4/8/1991	1991	4	8	91098	98	97	97
4/9/1991	1991	4	9	91099	99	100	100
4/10/1991	1991	4	10	91100	100	97	97
4/11/1991	1991	4	11	91101	101	93	94
4/12/1991	1991	4	12	91102	102	100	97
4/13/1991	1991	4	13	91103	103	93	94
4/14/1991	1991	4	14	91104	104	94	94
4/15/1991	1991	4	15	91105	105	99	98
4/16/1991	1991	4	16	91106	106	98	97
4/17/1991	1991	4	17	91107	107	99	98
4/18/1991	1991	4	18	91108	108	98	97
4/19/1991	1991	4	19	91109	109	100	100
4/20/1991	1991	4	20	91110	110	100	100
4/21/1991	1991	4	21	91111	111	100	100
4/22/1991	1991	4	22	91112	112	97	98
4/23/1991	1991	4	23	91113	113	93	93
4/24/1991	1991	4	24	91114	114	74	74
4/25/1991	1991	4	25	91115	115	90	89
4/26/1991	1991	4	26	91116	116	76	77
4/27/1991	1991	4	27	91117	117	43	46
4/28/1991	1991	4	28	91118	118	37	39
4/29/1991	1991	4	29	91119	119	31	32
4/30/1991	1991	4	30	91120	120	15	16
11/1/1991	1991	11	1	91305	305	0	0
11/2/1991	1991	11	2	91306	306	0	0
11/3/1991	1991	11	3	91307	307	0	0
11/4/1991	1991	11	4	91308	308	0	0
11/5/1991	1991	11	5	91309	309	0	0
11/6/1991	1991	11	6	91310	310	0	0
11/7/1991	1991	11	7	91311	311	0	0
11/8/1991	1991	11	8	91312	312	0	0
11/9/1991	1991	11	9	91313	313	0	0
11/10/1991	1991	11	10	91314	314	0	0
11/11/1991	1991	11	11	91315	315	0	0
11/12/1991	1991	11	12	91316	316	0	0
11/13/1991	1991	11	13	91317	317	0	0
11/14/1991	1991	11	14	91318	318	0	0
11/15/1991	1991	11	15	91319	319	0	0
11/16/1991	1991	11	16	91320	320	0	0
11/17/1991	1991	11	17	91321	321	0	0
11/18/1991	1991	11	18	91322	322	0	0
11/19/1991	1991	11	19	91323	323	0	0
11/20/1991	1991	11	20	91324	324	0	0
11/21/1991	1991	11	21	91325	325	0	0
11/22/1991	1991	11	22	91326	326	0	0
11/23/1991	1991	11	23	91327	327	0	0
11/24/1991	1991	11	24	91328	328	0	0
11/25/1991	1991	11	25	91329	329	0	0
11/26/1991	1991	11	26	91330	330	0	0
11/27/1991	1991	11	27	91331	331	0	0
11/28/1991	1991	11	28	91332	332	0	0
11/29/1991	1991	11	29	91333	333	0	0
11/30/1991	1991	11	30	91334	334	0	0
12/1/1991	1991	12	1	91335	335	0	0
12/2/1991	1991	12	2	91336	336	0	0
12/3/1991	1991	12	3	91337	337	0	0
12/4/1991	1991	12	4	91338	338	0	0
12/5/1991	1991	12	5	91339	339	0	0
12/6/1991	1991	12	6	91340	340	0	0
12/7/1991	1991	12	7	91341	341	0	0
12/8/1991	1991	12	8	91342	342	0	0
12/9/1991	1991	12	9	91343	343	0	0
12/10/1991	1991	12	10	91344	344	0	0
12/11/1991	1991	12	11	91345	345	0	0
12/12/1991	1991	12	12	91346	346	0	0
12/13/1991	1991	12	13	91347	347	0	0
12/14/1991	1991	12	14	91348	348	0	0
12/15/1991	1991	12	15	91349	349	0	0
12/16/1991	1991	12	16	91350	350	0	0
12/17/1991	1991	12	17	91351	351	0	0
12/18/1991	1991	12	18	91352	352	0	0
12/19/1991	1991	12	19	91353	353	0	0
12/20/1991	1991	12	20	91354	354	0	0
12/21/1991	1991	12	21	91355	355	0	0
12/22/1991	1991	12	22	91356	356	0	0
12/23/1991	1991	12	23	91357	357	0	0
12/24/1991	1991	12	24	91358	358	0	0
12/25/1991	1991	12	25	91359	359	34	28
12/26/1991	1991	12	26	91360	360	33	23
12/27/1991	1991	12	27	91361	361	32	18
12/28/1991	1991	12	28	91362	362	30	29
12/29/1991	1991	12	29	91363	363	60	43
12/30/1991	1991	12	30	91364	364	59	42
12/31/1991	1991	12	31	91365	365	66	49
1/1/1992	1992	1	1	92001	1	73	59
1/2/1992	1992	1	2	92002	2	73	64
1/3/1992	1992	1	3	92003	3	82	78
1/4/1992	1992	1	4	92004	4	84	78
1/5/1992	1992	1	5	92005	5	85	79
1/6/1992	1992	1	6	92006	6	95	91
1/7/1992	1992	1	7	92007	7	93	93
1/8/1992	1992	1	8	92008	8	93	93
1/9/1992	1992	1	9	92009	9	94	94
1/10/1992	1992	1	10	92010	10	100	95
1/11/1992	1992	1	11	92011	11	93	94
1/12/1992	1992	1	12	92012	12	94	94
1/13/1992	1992	1	13	92013	13	91	91
1/14/1992	1992	1	14	92014	14	88	88
1/15/1992	1992	1	15	92015	15	87	87
1/16/1992	1992	1	16	92016	16	89	90
1/17/1992	1992	1	17	92017	17	87	88
1/18/1992	1992	1	18	92018	18	92	93
1/19/1992	1992	1	19	92019	19	94	94
1/20/1992	1992	1	20	92020	20	94	94
1/21/1992	1992	1	21	92021	21	94	94
1/22/1992	1992	1	22	92022	22	95	97
1/23/1992	1992	1	23	92023	23	100	94
1/24/1992	1992	1	24	92024	24	100	100
1/25/1992	1992	1	25	92025	25	100	100
1/26/1992	1992	1	26	92026	26	96	99
1/27/1992	1992	1	27	92027	27	100	100
1/28/1992	1992	1	28	92028	28	93	93
1/29/1992	1992	1	29	92029	29	92	94
1/30/1992	1992	1	30	92030	30	93	100
1/31/1992	1992	1	31	92031	31	94	94
2/1/1992	1992	2	1	92032	32	94	95
2/2/1992	1992	2	2	92033	33	96	97
2/3/1992	1992	2	3	92034	34	99	99
2/4/1992	1992	2	4	92035	35	95	96
2/5/1992	1992	2	5	92036	36	94	92
2/6/1992	1992	2	6	92037	37	92	92
2/7/1992	1992	2	7	92038	38	100	99
2/8/1992	1992	2	8	92039	39	100	100
2/9/1992	1992	2	9	92040	40	100	100
2/10/1992	1992	2	10	92041	41	98	99
2/11/1992	1992	2	11	92042	42	100	100
2/12/1992	1992	2	12	92043	43	100	99
2/13/1992	1992	2	13	92044	44	100	100
2/14/1992	1992	2	14	92045	45	96	96
2/15/1992	1992	2	15	92046	46	93	93
2/16/1992	1992	2	16	92047	47	94	94
2/17/1992	1992	2	17	92048	48	95	94
2/18/1992	1992	2	18	92049	49	92	96
2/19/1992	1992	2	19	92050	50	100	100
2/20/1992	1992	2	20	92051	51	92	92
2/21/1992	1992	2	21	92052	52	92	92
2/22/1992	1992	2	22	92053	53	93	94
2/23/1992	1992	2	23	92054	54	93	94
2/24/1992	1992	2	24	92055	55	95	95
2/25/1992	1992	2	25	92056	56	93	93
2/26/1992	1992	2	26	92057	57	96	99
2/27/1992	1992	2	27	92058	58	92	100
2/28/1992	1992	2	28	92059	59	100	99
2/29/1992	1992	2	29	92060	60	NA	100
3/1/1992	1992	3	1	92061	61	93	93
3/2/1992	1992	3	2	92062	62	96	96
3/3/1992	1992	3	3	92063	63	96	96
3/4/1992	1992	3	4	92064	64	93	96
3/5/1992	1992	3	5	92065	65	93	93
3/6/1992	1992	3	6	92066	66	95	92
3/7/1992	1992	3	7	92067	67	100	93
3/8/1992	1992	3	8	92068	68	96	93
3/9/1992	1992	3	9	92069	69	93	95
3/10/1992	1992	3	10	92070	70	100	100
3/11/1992	1992	3	11	92071	71	100	100
3/12/1992	1992	3	12	92072	72	100	100
3/13/1992	1992	3	13	92073	73	100	100
3/14/1992	1992	3	14	92074	74	100	100
3/15/1992	1992	3	15	92075	75	98	98
3/16/1992	1992	3	16	92076	76	100	94
3/17/1992	1992	3	17	92077	77	92	92
3/18/1992	1992	3	18	92078	78	94	94
3/19/1992	1992	3	19	92079	79	95	96
3/20/1992	1992	3	20	92080	80	100	99
3/21/1992	1992	3	21	92081	81	100	98
3/22/1992	1992	3	22	92082	82	99	97
3/23/1992	1992	3	23	92083	83	95	96
3/24/1992	1992	3	24	92084	84	100	94
3/25/1992	1992	3	25	92085	85	100	100
3/26/1992	1992	3	26	92086	86	100	92
3/27/1992	1992	3	27	92087	87	94	93
3/28/1992	1992	3	28	92088	88	93	92
3/29/1992	1992	3	29	92089	89	93	93
3/30/1992	1992	3	30	92090	90	98	96
3/31/1992	1992	3	31	92091	91	100	100
4/1/1992	1992	4	1	92092	92	100	100
4/2/1992	1992	4	2	92093	93	100	100
4/3/1992	1992	4	3	92094	94	100	100
4/4/1992	1992	4	4	92095	95	100	100
4/5/1992	1992	4	5	92096	96	100	100
4/6/1992	1992	4	6	92097	97	100	100
4/7/1992	1992	4	7	92098	98	100	100
4/8/1992	1992	4	8	92099	99	100	100
4/9/1992	1992	4	9	92100	100	100	100
4/10/1992	1992	4	10	92101	101	99	100
4/11/1992	1992	4	11	92102	102	100	100
4/12/1992	1992	4	12	92103	103	92	92
4/13/1992	1992	4	13	92104	104	97	97
4/14/1992	1992	4	14	92105	105	100	100
4/15/1992	1992	4	15	92106	106	97	97
4/16/1992	1992	4	16	92107	107	97	97
4/17/1992	1992	4	17	92108	108	100	99
4/18/1992	1992	4	18	92109	109	99	98
4/19/1992	1992	4	19	92110	110	98	97
4/20/1992	1992	4	20	92111	111	100	100
4/21/1992	1992	4	21	92112	112	100	100
4/22/1992	1992	4	22	92113	113	100	100
4/23/1992	1992	4	23	92114	114	100	100
4/24/1992	1992	4	24	92115	115	99	99
4/25/1992	1992	4	25	92116	116	93	94
4/26/1992	1992	4	26	92117	117	93	93
4/27/1992	1992	4	27	92118	118	97	97
4/28/1992	1992	4	28	92119	119	95	95
4/29/1992	1992	4	29	92120	120	94	95
4/30/1992	1992	4	30	92121	121	100	93
11/1/1992	1992	11	1	92306	306	0	0
11/2/1992	1992	11	2	92307	307	0	0
11/3/1992	1992	11	3	92308	308	0	0
11/4/1992	1992	11	4	92309	309	0	0
11/5/1992	1992	11	5	92310	310	0	0
11/6/1992	1992	11	6	92311	311	0	0
11/7/1992	1992	11	7	92312	312	0	0
11/8/1992	1992	11	8	92313	313	0	0
11/9/1992	1992	11	9	92314	314	0	0
11/10/1992	1992	11	10	92315	315	0	0
11/11/1992	1992	11	11	92316	316	0	0
11/12/1992	1992	11	12	92317	317	0	0
11/13/1992	1992	11	13	92318	318	0	0
11/14/1992	1992	11	14	92319	319	0	0
11/15/1992	1992	11	15	92320	320	0	0
11/16/1992	1992	11	16	92321	321	0	0
11/17/1992	1992	11	17	92322	322	0	0
11/18/1992	1992	11	18	92323	323	0	0
11/19/1992	1992	11	19	92324	324	0	0
11/20/1992	1992	11	20	92325	325	0	0
11/21/1992	1992	11	21	92326	326	0	0
11/22/1992	1992	11	22	92327	327	0	0
11/23/1992	1992	11	23	92328	328	0	0
11/24/1992	1992	11	24	92329	329	0	0
11/25/1992	1992	11	25	92330	330	0	0
11/26/1992	1992	11	26	92331	331	0	0
11/27/1992	1992	11	27	92332	332	0	0
11/28/1992	1992	11	28	92333	333	0	0
11/29/1992	1992	11	29	92334	334	0	0
11/30/1992	1992	11	30	92335	335	0	0
12/1/1992	1992	12	1	92336	336	0	0
12/2/1992	1992	12	2	92337	337	0	0
12/3/1992	1992	12	3	92338	338	0	0
12/4/1992	1992	12	4	92339	339	0	0
12/5/1992	1992	12	5	92340	340	0	0
12/6/1992	1992	12	6	92341	341	34	14
12/7/1992	1992	12	7	92342	342	44	31
12/8/1992	1992	12	8	92343	343	54	43
12/9/1992	1992	12	9	92344	344	58	36
12/10/1992	1992	12	10	92345	345	73	57
12/11/1992	1992	12	11	92346	346	83	70
12/12/1992	1992	12	12	92347	347	93	83
12/13/1992	1992	12	13	92348	348	96	95
12/14/1992	1992	12	14	92349	349	94	94
12/15/1992	1992	12	15	92350	350	92	92
12/16/1992	1992	12	16	92351	351	98	97
12/17/1992	1992	12	17	92352	352	94	86
12/18/1992	1992	12	18	92353	353	96	94
12/19/1992	1992	12	19	92354	354	100	93
12/20/1992	1992	12	20	92355	355	94	94
12/21/1992	1992	12	21	92356	356	93	92
12/22/1992	1992	12	22	92357	357	92	92
12/23/1992	1992	12	23	92358	358	93	93
12/24/1992	1992	12	24	92359	359	92	92
12/25/1992	1992	12	25	92360	360	94	94
12/26/1992	1992	12	26	92361	361	100	98
12/27/1992	1992	12	27	92362	362	95	91
12/28/1992	1992	12	28	92363	363	94	90
12/29/1992	1992	12	29	92364	364	100	94
12/30/1992	1992	12	30	92365	365	95	88
12/31/1992	1992	12	31	92366	366	90	81
1/1/1993	1993	1	1	93001	1	94	94
1/2/1993	1993	1	2	93002	2	94	94
1/3/1993	1993	1	3	93003	3	96	95
1/4/1993	1993	1	4	93004	4	75	76
1/5/1993	1993	1	5	93005	5	55	56
1/6/1993	1993	1	6	93006	6	66	53
1/7/1993	1993	1	7	93007	7	61	54
1/8/1993	1993	1	8	93008	8	65	57
1/9/1993	1993	1	9	93009	9	63	58
1/10/1993	1993	1	10	93010	10	45	45
1/11/1993	1993	1	11	93011	11	42	48
1/12/1993	1993	1	12	93012	12	49	51
1/13/1993	1993	1	13	93013	13	35	40
1/14/1993	1993	1	14	93014	14	55	63
1/15/1993	1993	1	15	93015	15	82	82
1/16/1993	1993	1	16	93016	16	89	90
1/17/1993	1993	1	17	93017	17	86	86
1/18/1993	1993	1	18	93018	18	93	93
1/19/1993	1993	1	19	93019	19	91	92
1/20/1993	1993	1	20	93020	20	91	92
1/21/1993	1993	1	21	93021	21	93	92
1/22/1993	1993	1	22	93022	22	92	93
1/23/1993	1993	1	23	93023	23	93	92
1/24/1993	1993	1	24	93024	24	93	92
1/25/1993	1993	1	25	93025	25	95	93
1/26/1993	1993	1	26	93026	26	92	94
1/27/1993	1993	1	27	93027	27	92	92
1/28/1993	1993	1	28	93028	28	94	95
1/29/1993	1993	1	29	93029	29	94	94
1/30/1993	1993	1	30	93030	30	99	100
1/31/1993	1993	1	31	93031	31	100	100
2/1/1993	1993	2	1	93032	32	100	100
2/2/1993	1993	2	2	93033	33	98	98
2/3/1993	1993	2	3	93034	34	94	94
2/4/1993	1993	2	4	93035	35	100	93
2/5/1993	1993	2	5	93036	36	100	100
2/6/1993	1993	2	6	93037	37	100	100
2/7/1993	1993	2	7	93038	38	100	100
2/8/1993	1993	2	8	93039	39	100	100
2/9/1993	1993	2	9	93040	40	100	100
2/10/1993	1993	2	10	93041	41	100	100
2/11/1993	1993	2	11	93042	42	100	100
2/12/1993	1993	2	12	93043	43	99	98
2/13/1993	1993	2	13	93044	44	98	97
2/14/1993	1993	2	14	93045	45	100	100
2/15/1993	1993	2	15	93046	46	96	96
2/16/1993	1993	2	16	93047	47	100	100
2/17/1993	1993	2	17	93048	48	100	100
2/18/1993	1993	2	18	93049	49	100	100
2/19/1993	1993	2	19	93050	50	100	100
2/20/1993	1993	2	20	93051	51	100	100
2/21/1993	1993	2	21	93052	52	100	100
2/22/1993	1993	2	22	93053	53	100	100
2/23/1993	1993	2	23	93054	54	99	99
2/24/1993	1993	2	24	93055	55	100	100
2/25/1993	1993	2	25	93056	56	99	100
2/26/1993	1993	2	26	93057	57	99	100
2/27/1993	1993	2	27	93058	58	95	95
2/28/1993	1993	2	28	93059	59	94	93
3/1/1993	1993	3	1	93060	60	94	95
3/2/1993	1993	3	2	93061	61	93	94
3/3/1993	1993	3	3	93062	62	90	90
3/4/1993	1993	3	4	93063	63	100	100
3/5/1993	1993	3	5	93064	64	93	93
3/6/1993	1993	3	6	93065	65	98	97
3/7/1993	1993	3	7	93066	66	99	95
3/8/1993	1993	3	8	93067	67	97	99
3/9/1993	1993	3	9	93068	68	97	96
3/10/1993	1993	3	10	93069	69	98	100
3/11/1993	1993	3	11	93070	70	98	95
3/12/1993	1993	3	12	93071	71	100	100
3/13/1993	1993	3	13	93072	72	100	100
3/14/1993	1993	3	14	93073	73	100	100
3/15/1993	1993	3	15	93074	74	100	100
3/16/1993	1993	3	16	93075	75	100	100
3/17/1993	1993	3	17	93076	76	100	100
3/18/1993	1993	3	18	93077	77	100	100
3/19/1993	1993	3	19	93078	78	92	93
3/20/1993	1993	3	20	93079	79	95	92
3/21/1993	1993	3	21	93080	80	92	94
3/22/1993	1993	3	22	93081	81	93	94
3/23/1993	1993	3	23	93082	82	92	92
3/24/1993	1993	3	24	93083	83	95	94
3/25/1993	1993	3	25	93084	84	94	94
3/26/1993	1993	3	26	93085	85	94	99
3/27/1993	1993	3	27	93086	86	97	98
3/28/1993	1993	3	28	93087	87	98	98
3/29/1993	1993	3	29	93088	88	96	96
3/30/1993	1993	3	30	93089	89	97	97
3/31/1993	1993	3	31	93090	90	100	100
4/1/1993	1993	4	1	93091	91	98	97
4/2/1993	1993	4	2	93092	92	98	98
4/3/1993	1993	4	3	93093	93	100	100
4/4/1993	1993	4	4	93094	94	96	96
4/5/1993	1993	4	5	93095	95	100	100
4/6/1993	1993	4	6	93096	96	98	98
4/7/1993	1993	4	7	93097	97	93	95
4/8/1993	1993	4	8	93098	98	95	92
4/9/1993	1993	4	9	93099	99	93	93
4/10/1993	1993	4	10	93100	100	92	92
4/11/1993	1993	4	11	93101	101	93	93
4/12/1993	1993	4	12	93102	102	88	88
4/13/1993	1993	4	13	93103	103	94	94
4/14/1993	1993	4	14	93104	104	90	90
4/15/1993	1993	4	15	93105	105	87	87
4/16/1993	1993	4	16	93106	106	80	80
4/17/1993	1993	4	17	93107	107	79	79
4/18/1993	1993	4	18	93108	108	67	68
4/19/1993	1993	4	19	93109	109	83	83
4/20/1993	1993	4	20	93110	110	77	77
4/21/1993	1993	4	21	93111	111	46	47
4/22/1993	1993	4	22	93112	112	54	55
4/23/1993	1993	4	23	93113	113	75	75
4/24/1993	1993	4	24	93114	114	82	83
4/25/1993	1993	4	25	93115	115	52	52
4/26/1993	1993	4	26	93116	116	23	25
4/27/1993	1993	4	27	93117	117	0	0
4/28/1993	1993	4	28	93118	118	0	0
4/29/1993	1993	4	29	93119	119	0	0
4/30/1993	1993	4	30	93120	120	0	0
11/1/1993	1993	11	1	93305	305	0	0
11/2/1993	1993	11	2	93306	306	0	0
11/3/1993	1993	11	3	93307	307	0	0
11/4/1993	1993	11	4	93308	308	0	0
11/5/1993	1993	11	5	93309	309	0	0
11/6/1993	1993	11	6	93310	310	0	0
11/7/1993	1993	11	7	93311	311	0	0
11/8/1993	1993	11	8	93312	312	0	0
11/9/1993	1993	11	9	93313	313	0	0
11/10/1993	1993	11	10	93314	314	0	0
11/11/1993	1993	11	11	93315	315	0	0
11/12/1993	1993	11	12	93316	316	0	0
11/13/1993	1993	11	13	93317	317	0	0
11/14/1993	1993	11	14	93318	318	0	0
11/15/1993	1993	11	15	93319	319	0	0
11/16/1993	1993	11	16	93320	320	0	0
11/17/1993	1993	11	17	93321	321	0	0
11/18/1993	1993	11	18	93322	322	0	0
11/19/1993	1993	11	19	93323	323	0	0
11/20/1993	1993	11	20	93324	324	0	0
11/21/1993	1993	11	21	93325	325	0	0
11/22/1993	1993	11	22	93326	326	0	0
11/23/1993	1993	11	23	93327	327	0	0
11/24/1993	1993	11	24	93328	328	0	0
11/25/1993	1993	11	25	93329	329	0	0
11/26/1993	1993	11	26	93330	330	0	0
11/27/1993	1993	11	27	93331	331	0	0
11/28/1993	1993	11	28	93332	332	0	0
11/29/1993	1993	11	29	93333	333	0	0
11/30/1993	1993	11	30	93334	334	0	0
12/1/1993	1993	12	1	93335	335	0	0
12/2/1993	1993	12	2	93336	336	0	0
12/3/1993	1993	12	3	93337	337	0	0
12/4/1993	1993	12	4	93338	338	0	0
12/5/1993	1993	12	5	93339	339	0	0
12/6/1993	1993	12	6	93340	340	0	0
12/7/1993	1993	12	7	93341	341	0	0
12/8/1993	1993	12	8	93342	342	0	0
12/9/1993	1993	12	9	93343	343	0	0
12/10/1993	1993	12	10	93344	344	0	0
12/11/1993	1993	12	11	93345	345	0	0
12/12/1993	1993	12	12	93346	346	0	0
12/13/1993	1993	12	13	93347	347	0	0
12/14/1993	1993	12	14	93348	348	0	0
12/15/1993	1993	12	15	93349	349	0	0
12/16/1993	1993	12	16	93350	350	0	0
12/17/1993	1993	12	17	93351	351	0	0
12/18/1993	1993	12	18	93352	352	0	0
12/19/1993	1993	12	19	93353	353	0	0
12/20/1993	1993	12	20	93354	354	26	0
12/21/1993	1993	12	21	93355	355	42	24
12/22/1993	1993	12	22	93356	356	56	33
12/23/1993	1993	12	23	93357	357	62	40
12/24/1993	1993	12	24	93358	358	76	55
12/25/1993	1993	12	25	93359	359	90	77
12/26/1993	1993	12	26	93360	360	95	87
12/27/1993	1993	12	27	93361	361	92	89
12/28/1993	1993	12	28	93362	362	92	78
12/29/1993	1993	12	29	93363	363	92	81
12/30/1993	1993	12	30	93364	364	86	61
12/31/1993	1993	12	31	93365	365	85	68
1/1/1994	1994	1	1	94001	1	86	79
1/2/1994	1994	1	2	94002	2	100	100
1/3/1994	1994	1	3	94003	3	100	100
1/4/1994	1994	1	4	94004	4	99	90
1/5/1994	1994	1	5	94005	5	86	82
1/6/1994	1994	1	6	94006	6	90	89
1/7/1994	1994	1	7	94007	7	97	76
1/8/1994	1994	1	8	94008	8	93	86
1/9/1994	1994	1	9	94009	9	93	93
1/10/1994	1994	1	10	94010	10	93	100
1/11/1994	1994	1	11	94011	11	100	100
1/12/1994	1994	1	12	94012	12	100	100
1/13/1994	1994	1	13	94013	13	100	100
1/14/1994	1994	1	14	94014	14	100	100
1/15/1994	1994	1	15	94015	15	100	100
1/16/1994	1994	1	16	94016	16	100	100
1/17/1994	1994	1	17	94017	17	100	100
1/18/1994	1994	1	18	94018	18	95	94
1/19/1994	1994	1	19	94019	19	100	99
1/20/1994	1994	1	20	94020	20	100	96
1/21/1994	1994	1	21	94021	21	95	95
1/22/1994	1994	1	22	94022	22	89	90
1/23/1994	1994	1	23	94023	23	92	94
1/24/1994	1994	1	24	94024	24	93	93
1/25/1994	1994	1	25	94025	25	99	100
1/26/1994	1994	1	26	94026	26	97	98
1/27/1994	1994	1	27	94027	27	99	99
1/28/1994	1994	1	28	94028	28	98	95
1/29/1994	1994	1	29	94029	29	97	97
1/30/1994	1994	1	30	94030	30	93	96
1/31/1994	1994	1	31	94031	31	97	100
2/1/1994	1994	2	1	94032	32	92	92
2/2/1994	1994	2	2	94033	33	94	93
2/3/1994	1994	2	3	94034	34	96	94
2/4/1994	1994	2	4	94035	35	94	98
2/5/1994	1994	2	5	94036	36	91	88
2/6/1994	1994	2	6	94037	37	81	81
2/7/1994	1994	2	7	94038	38	89	86
2/8/1994	1994	2	8	94039	39	95	93
2/9/1994	1994	2	9	94040	40	95	95
2/10/1994	1994	2	10	94041	41	96	94
2/11/1994	1994	2	11	94042	42	93	92
2/12/1994	1994	2	12	94043	43	92	93
2/13/1994	1994	2	13	94044	44	93	95
2/14/1994	1994	2	14	94045	45	94	94
2/15/1994	1994	2	15	94046	46	96	96
2/16/1994	1994	2	16	94047	47	93	93
2/17/1994	1994	2	17	94048	48	93	93
2/18/1994	1994	2	18	94049	49	95	94
2/19/1994	1994	2	19	94050	50	92	95
2/20/1994	1994	2	20	94051	51	93	94
2/21/1994	1994	2	21	94052	52	97	96
2/22/1994	1994	2	22	94053	53	100	100
2/23/1994	1994	2	23	94054	54	100	100
2/24/1994	1994	2	24	94055	55	100	100
2/25/1994	1994	2	25	94056	56	100	100
2/26/1994	1994	2	26	94057	57	98	99
2/27/1994	1994	2	27	94058	58	97	97
2/28/1994	1994	2	28	94059	59	96	96
3/1/1994	1994	3	1	94060	60	94	95
3/2/1994	1994	3	2	94061	61	95	95
3/3/1994	1994	3	3	94062	62	93	93
3/4/1994	1994	3	4	94063	63	93	92
3/5/1994	1994	3	5	94064	64	92	95
3/6/1994	1994	3	6	94065	65	93	94
3/7/1994	1994	3	7	94066	66	95	96
3/8/1994	1994	3	8	94067	67	91	91
3/9/1994	1994	3	9	94068	68	91	92
3/10/1994	1994	3	10	94069	69	89	89
3/11/1994	1994	3	11	94070	70	90	90
3/12/1994	1994	3	12	94071	71	95	95
3/13/1994	1994	3	13	94072	72	93	95
3/14/1994	1994	3	14	94073	73	92	92
3/15/1994	1994	3	15	94074	74	96	97
3/16/1994	1994	3	16	94075	75	96	96
3/17/1994	1994	3	17	94076	76	94	95
3/18/1994	1994	3	18	94077	77	94	93
3/19/1994	1994	3	19	94078	78	93	93
3/20/1994	1994	3	20	94079	79	96	96
3/21/1994	1994	3	21	94080	80	96	96
3/22/1994	1994	3	22	94081	81	94	92
3/23/1994	1994	3	23	94082	82	94	93
3/24/1994	1994	3	24	94083	83	94	95
3/25/1994	1994	3	25	94084	84	95	95
3/26/1994	1994	3	26	94085	85	100	100
3/27/1994	1994	3	27	94086	86	100	100
3/28/1994	1994	3	28	94087	87	98	98
3/29/1994	1994	3	29	94088	88	100	99
3/30/1994	1994	3	30	94089	89	100	98
3/31/1994	1994	3	31	94090	90	95	97
4/1/1994	1994	4	1	94091	91	100	99
4/2/1994	1994	4	2	94092	92	98	98
4/3/1994	1994	4	3	94093	93	100	100
4/4/1994	1994	4	4	94094	94	96	97
4/5/1994	1994	4	5	94095	95	100	100
4/6/1994	1994	4	6	94096	96	100	100
4/7/1994	1994	4	7	94097	97	100	100
4/8/1994	1994	4	8	94098	98	100	100
4/9/1994	1994	4	9	94099	99	100	100
4/10/1994	1994	4	10	94100	100	94	94
4/11/1994	1994	4	11	94101	101	95	94
4/12/1994	1994	4	12	94102	102	92	93
4/13/1994	1994	4	13	94103	103	83	83
4/14/1994	1994	4	14	94104	104	85	86
4/15/1994	1994	4	15	94105	105	82	82
4/16/1994	1994	4	16	94106	106	89	89
4/17/1994	1994	4	17	94107	107	89	89
4/18/1994	1994	4	18	94108	108	87	87
4/19/1994	1994	4	19	94109	109	82	83
4/20/1994	1994	4	20	94110	110	79	79
4/21/1994	1994	4	21	94111	111	78	78
4/22/1994	1994	4	22	94112	112	75	76
4/23/1994	1994	4	23	94113	113	73	74
4/24/1994	1994	4	24	94114	114	83	84
4/25/1994	1994	4	25	94115	115	76	76
4/26/1994	1994	4	26	94116	116	66	66
4/27/1994	1994	4	27	94117	117	67	72
4/28/1994	1994	4	28	94118	118	51	51
4/29/1994	1994	4	29	94119	119	36	37
4/30/1994	1994	4	30	94120	120	36	39
11/1/1994	1994	11	1	94305	305	0	0
11/2/1994	1994	11	2	94306	306	0	0
11/3/1994	1994	11	3	94307	307	0	0
11/4/1994	1994	11	4	94308	308	0	0
11/5/1994	1994	11	5	94309	309	0	0
11/6/1994	1994	11	6	94310	310	0	0
11/7/1994	1994	11	7	94311	311	0	0
11/8/1994	1994	11	8	94312	312	0	0
11/9/1994	1994	11	9	94313	313	0	0
11/10/1994	1994	11	10	94314	314	0	0
11/11/1994	1994	11	11	94315	315	0	0
11/12/1994	1994	11	12	94316	316	0	0
11/13/1994	1994	11	13	94317	317	0	0
11/14/1994	1994	11	14	94318	318	0	0
11/15/1994	1994	11	15	94319	319	0	0
11/16/1994	1994	11	16	94320	320	0	0
11/17/1994	1994	11	17	94321	321	0	0
11/18/1994	1994	11	18	94322	322	0	0
11/19/1994	1994	11	19	94323	323	0	0
11/20/1994	1994	11	20	94324	324	0	0
11/21/1994	1994	11	21	94325	325	0	0
11/22/1994	1994	11	22	94326	326	0	0
11/23/1994	1994	11	23	94327	327	0	0
11/24/1994	1994	11	24	94328	328	0	0
11/25/1994	1994	11	25	94329	329	0	0
11/26/1994	1994	11	26	94330	330	0	0
11/27/1994	1994	11	27	94331	331	0	0
11/28/1994	1994	11	28	94332	332	0	0
11/29/1994	1994	11	29	94333	333	0	0
11/30/1994	1994	11	30	94334	334	0	0
12/1/1994	1994	12	1	94335	335	0	0
12/2/1994	1994	12	2	94336	336	0	0
12/3/1994	1994	12	3	94337	337	0	0
12/4/1994	1994	12	4	94338	338	0	0
12/5/1994	1994	12	5	94339	339	0	0
12/6/1994	1994	12	6	94340	340	0	0
12/7/1994	1994	12	7	94341	341	0	0
12/8/1994	1994	12	8	94342	342	36	21
12/9/1994	1994	12	9	94343	343	70	47
12/10/1994	1994	12	10	94344	344	64	59
12/11/1994	1994	12	11	94345	345	68	55
12/12/1994	1994	12	12	94346	346	51	59
12/13/1994	1994	12	13	94347	347	56	57
12/14/1994	1994	12	14	94348	348	86	86
12/15/1994	1994	12	15	94349	349	95	94
12/16/1994	1994	12	16	94350	350	98	91
12/17/1994	1994	12	17	94351	351	92	89
12/18/1994	1994	12	18	94352	352	93	94
12/19/1994	1994	12	19	94353	353	97	97
12/20/1994	1994	12	20	94354	354	97	97
12/21/1994	1994	12	21	94355	355	97	97
12/22/1994	1994	12	22	94356	356	97	97
12/23/1994	1994	12	23	94357	357	100	100
12/24/1994	1994	12	24	94358	358	99	99
12/25/1994	1994	12	25	94359	359	99	97
12/26/1994	1994	12	26	94360	360	95	95
12/27/1994	1994	12	27	94361	361	100	97
12/28/1994	1994	12	28	94362	362	96	98
12/29/1994	1994	12	29	94363	363	96	96
12/30/1994	1994	12	30	94364	364	95	96
12/31/1994	1994	12	31	94365	365	100	96
1/1/1995	1995	1	1	95001	1	100	100
1/2/1995	1995	1	2	95002	2	97	98
1/3/1995	1995	1	3	95003	3	98	97
1/4/1995	1995	1	4	95004	4	95	97
1/5/1995	1995	1	5	95005	5	100	100
1/6/1995	1995	1	6	95006	6	97	99
1/7/1995	1995	1	7	95007	7	100	97
1/8/1995	1995	1	8	95008	8	100	100
1/9/1995	1995	1	9	95009	9	100	100
1/10/1995	1995	1	10	95010	10	100	100
1/11/1995	1995	1	11	95011	11	100	100
1/12/1995	1995	1	12	95012	12	100	100
1/13/1995	1995	1	13	95013	13	100	100
1/14/1995	1995	1	14	95014	14	100	100
1/15/1995	1995	1	15	95015	15	100	92
1/16/1995	1995	1	16	95016	16	100	92
1/17/1995	1995	1	17	95017	17	92	92
1/18/1995	1995	1	18	95018	18	92	92
1/19/1995	1995	1	19	95019	19	95	100
1/20/1995	1995	1	20	95020	20	94	95
1/21/1995	1995	1	21	95021	21	92	97
1/22/1995	1995	1	22	95022	22	92	94
1/23/1995	1995	1	23	95023	23	96	94
1/24/1995	1995	1	24	95024	24	96	96
1/25/1995	1995	1	25	95025	25	96	96
1/26/1995	1995	1	26	95026	26	98	97
1/27/1995	1995	1	27	95027	27	98	97
1/28/1995	1995	1	28	95028	28	95	95
1/29/1995	1995	1	29	95029	29	93	93
1/30/1995	1995	1	30	95030	30	95	95
1/31/1995	1995	1	31	95031	31	94	95
2/1/1995	1995	2	1	95032	32	93	94
2/2/1995	1995	2	2	95033	33	96	96
2/3/1995	1995	2	3	95034	34	94	94
2/4/1995	1995	2	4	95035	35	100	100
2/5/1995	1995	2	5	95036	36	97	97
2/6/1995	1995	2	6	95037	37	100	100
2/7/1995	1995	2	7	95038	38	96	96
2/8/1995	1995	2	8	95039	39	97	99
2/9/1995	1995	2	9	95040	40	100	100
2/10/1995	1995	2	10	95041	41	96	96
2/11/1995	1995	2	11	95042	42	100	100
2/12/1995	1995	2	12	95043	43	100	100
2/13/1995	1995	2	13	95044	44	98	98
2/14/1995	1995	2	14	95045	45	100	100
2/15/1995	1995	2	15	95046	46	97	98
2/16/1995	1995	2	16	95047	47	98	98
2/17/1995	1995	2	17	95048	48	97	97
2/18/1995	1995	2	18	95049	49	94	94
2/19/1995	1995	2	19	95050	50	98	98
2/20/1995	1995	2	20	95051	51	99	98
2/21/1995	1995	2	21	95052	52	94	94
2/22/1995	1995	2	22	95053	53	94	97
2/23/1995	1995	2	23	95054	54	98	98
2/24/1995	1995	2	24	95055	55	100	100
2/25/1995	1995	2	25	95056	56	96	96
2/26/1995	1995	2	26	95057	57	98	97
2/27/1995	1995	2	27	95058	58	100	97
2/28/1995	1995	2	28	95059	59	100	99
3/1/1995	1995	3	1	95060	60	100	100
3/2/1995	1995	3	2	95061	61	100	100
3/3/1995	1995	3	3	95062	62	100	100
3/4/1995	1995	3	4	95063	63	100	100
3/5/1995	1995	3	5	95064	64	100	100
3/6/1995	1995	3	6	95065	65	93	93
3/7/1995	1995	3	7	95066	66	100	100
3/8/1995	1995	3	8	95067	67	100	92
3/9/1995	1995	3	9	95068	68	92	92
3/10/1995	1995	3	10	95069	69	100	100
3/11/1995	1995	3	11	95070	70	100	100
3/12/1995	1995	3	12	95071	71	100	100
3/13/1995	1995	3	13	95072	72	97	95
3/14/1995	1995	3	14	95073	73	98	98
3/15/1995	1995	3	15	95074	74	95	94
3/16/1995	1995	3	16	95075	75	98	94
3/17/1995	1995	3	17	95076	76	94	96
3/18/1995	1995	3	18	95077	77	97	95
3/19/1995	1995	3	19	95078	78	92	92
3/20/1995	1995	3	20	95079	79	100	94
3/21/1995	1995	3	21	95080	80	100	100
3/22/1995	1995	3	22	95081	81	94	93
3/23/1995	1995	3	23	95082	82	98	98
3/24/1995	1995	3	24	95083	83	96	98
3/25/1995	1995	3	25	95084	84	100	100
3/26/1995	1995	3	26	95085	85	100	100
3/27/1995	1995	3	27	95086	86	99	99
3/28/1995	1995	3	28	95087	87	97	97
3/29/1995	1995	3	29	95088	88	95	94
3/30/1995	1995	3	30	95089	89	92	92
3/31/1995	1995	3	31	95090	90	94	94
4/1/1995	1995	4	1	95091	91	95	95
4/2/1995	1995	4	2	95092	92	94	95
4/3/1995	1995	4	3	95093	93	95	96
4/4/1995	1995	4	4	95094	94	96	96
4/5/1995	1995	4	5	95095	95	93	94
4/6/1995	1995	4	6	95096	96	93	93
4/7/1995	1995	4	7	95097	97	93	93
4/8/1995	1995	4	8	95098	98	94	94
4/9/1995	1995	4	9	95099	99	92	95
4/10/1995	1995	4	10	95100	100	93	94
4/11/1995	1995	4	11	95101	101	98	98
4/12/1995	1995	4	12	95102	102	98	99
4/13/1995	1995	4	13	95103	103	93	95
4/14/1995	1995	4	14	95104	104	93	93
4/15/1995	1995	4	15	95105	105	76	76
4/16/1995	1995	4	16	95106	106	65	65
4/17/1995	1995	4	17	95107	107	69	70
4/18/1995	1995	4	18	95108	108	78	79
4/19/1995	1995	4	19	95109	109	79	80
4/20/1995	1995	4	20	95110	110	78	78
4/21/1995	1995	4	21	95111	111	83	90
4/22/1995	1995	4	22	95112	112	94	92
4/23/1995	1995	4	23	95113	113	79	79
4/24/1995	1995	4	24	95114	114	70	70
4/25/1995	1995	4	25	95115	115	71	73
4/26/1995	1995	4	26	95116	116	80	80
4/27/1995	1995	4	27	95117	117	73	74
4/28/1995	1995	4	28	95118	118	57	58
4/29/1995	1995	4	29	95119	119	43	44
4/30/1995	1995	4	30	95120	120	36	37
11/1/1995	1995	11	1	95305	305	0	0
11/2/1995	1995	11	2	95306	306	0	0
11/3/1995	1995	11	3	95307	307	0	0
11/4/1995	1995	11	4	95308	308	0	0
11/5/1995	1995	11	5	95309	309	0	0
11/6/1995	1995	11	6	95310	310	0	0
11/7/1995	1995	11	7	95311	311	0	0
11/8/1995	1995	11	8	95312	312	0	0
11/9/1995	1995	11	9	95313	313	0	0
11/10/1995	1995	11	10	95314	314	0	0
11/11/1995	1995	11	11	95315	315	0	0
11/12/1995	1995	11	12	95316	316	0	0
11/13/1995	1995	11	13	95317	317	0	0
11/14/1995	1995	11	14	95318	318	0	0
11/15/1995	1995	11	15	95319	319	0	0
11/16/1995	1995	11	16	95320	320	0	0
11/17/1995	1995	11	17	95321	321	0	0
11/18/1995	1995	11	18	95322	322	0	0
11/19/1995	1995	11	19	95323	323	0	0
11/20/1995	1995	11	20	95324	324	0	0
11/21/1995	1995	11	21	95325	325	0	0
11/22/1995	1995	11	22	95326	326	0	0
11/23/1995	1995	11	23	95327	327	0	0
11/24/1995	1995	11	24	95328	328	0	0
11/25/1995	1995	11	25	95329	329	0	0
11/26/1995	1995	11	26	95330	330	0	0
11/27/1995	1995	11	27	95331	331	0	0
11/28/1995	1995	11	28	95332	332	0	0
11/29/1995	1995	11	29	95333	333	0	0
11/30/1995	1995	11	30	95334	334	0	0
12/1/1995	1995	12	1	95335	335	0	0
12/2/1995	1995	12	2	95336	336	0	0
12/3/1995	1995	12	3	95337	337	0	0
12/4/1995	1995	12	4	95338	338	0	0
12/5/1995	1995	12	5	95339	339	0	0
12/6/1995	1995	12	6	95340	340	0	0
12/7/1995	1995	12	7	95341	341	0	0
12/8/1995	1995	12	8	95342	342	0	0
12/9/1995	1995	12	9	95343	343	0	0
12/10/1995	1995	12	10	95344	344	0	0
12/11/1995	1995	12	11	95345	345	0	0
12/12/1995	1995	12	12	95346	346	0	0
12/13/1995	1995	12	13	95347	347	0	0
12/14/1995	1995	12	14	95348	348	0	0
12/15/1995	1995	12	15	95349	349	0	0
12/16/1995	1995	12	16	95350	350	0	0
12/17/1995	1995	12	17	95351	351	0	0
12/18/1995	1995	12	18	95352	352	0	0
12/19/1995	1995	12	19	95353	353	0	0
12/20/1995	1995	12	20	95354	354	30	0
12/21/1995	1995	12	21	95355	355	0	35
12/22/1995	1995	12	22	95356	356	51	42
12/23/1995	1995	12	23	95357	357	58	47
12/24/1995	1995	12	24	95358	358	74	70
12/25/1995	1995	12	25	95359	359	73	74
12/26/1995	1995	12	26	95360	360	71	72
12/27/1995	1995	12	27	95361	361	80	81
12/28/1995	1995	12	28	95362	362	84	75
12/29/1995	1995	12	29	95363	363	85	70
12/30/1995	1995	12	30	95364	364	77	71
12/31/1995	1995	12	31	95365	365	54	41
1/1/1996	1996	1	1	96001	1	44	23
1/2/1996	1996	1	2	96002	2	41	0
1/3/1996	1996	1	3	96003	3	28	0
1/4/1996	1996	1	4	96004	4	30	0
1/5/1996	1996	1	5	96005	5	33	19
1/6/1996	1996	1	6	96006	6	41	42
1/7/1996	1996	1	7	96007	7	85	86
1/8/1996	1996	1	8	96008	8	100	100
1/9/1996	1996	1	9	96009	9	95	95
1/10/1996	1996	1	10	96010	10	97	99
1/11/1996	1996	1	11	96011	11	96	96
1/12/1996	1996	1	12	96012	12	96	96
1/13/1996	1996	1	13	96013	13	94	95
1/14/1996	1996	1	14	96014	14	94	94
1/15/1996	1996	1	15	96015	15	99	99
1/16/1996	1996	1	16	96016	16	99	99
1/17/1996	1996	1	17	96017	17	96	95
1/18/1996	1996	1	18	96018	18	96	98
1/19/1996	1996	1	19	96019	19	100	100
1/20/1996	1996	1	20	96020	20	95	95
1/21/1996	1996	1	21	96021	21	100	100
1/22/1996	1996	1	22	96022	22	100	100
1/23/1996	1996	1	23	96023	23	100	100
1/24/1996	1996	1	24	96024	24	95	97
1/25/1996	1996	1	25	96025	25	96	96
1/26/1996	1996	1	26	96026	26	100	98
1/27/1996	1996	1	27	96027	27	98	96
1/28/1996	1996	1	28	96028	28	100	92
1/29/1996	1996	1	29	96029	29	99	94
1/30/1996	1996	1	30	96030	30	99	84
1/31/1996	1996	1	31	96031	31	100	92
2/1/1996	1996	2	1	96032	32	100	99
2/2/1996	1996	2	2	96033	33	94	93
2/3/1996	1996	2	3	96034	34	93	93
2/4/1996	1996	2	4	96035	35	94	93
2/5/1996	1996	2	5	96036	36	96	96
2/6/1996	1996	2	6	96037	37	96	92
2/7/1996	1996	2	7	96038	38	92	93
2/8/1996	1996	2	8	96039	39	92	95
2/9/1996	1996	2	9	96040	40	93	93
2/10/1996	1996	2	10	96041	41	96	96
2/11/1996	1996	2	11	96042	42	96	96
2/12/1996	1996	2	12	96043	43	94	93
2/13/1996	1996	2	13	96044	44	98	98
2/14/1996	1996	2	14	96045	45	100	100
2/15/1996	1996	2	15	96046	46	98	100
2/16/1996	1996	2	16	96047	47	100	100
2/17/1996	1996	2	17	96048	48	100	100
2/18/1996	1996	2	18	96049	49	94	85
2/19/1996	1996	2	19	96050	50	96	83
2/20/1996	1996	2	20	96051	51	95	95
2/21/1996	1996	2	21	96052	52	100	100
2/22/1996	1996	2	22	96053	53	100	100
2/23/1996	1996	2	23	96054	54	94	94
2/24/1996	1996	2	24	96055	55	99	98
2/25/1996	1996	2	25	96056	56	94	93
2/26/1996	1996	2	26	96057	57	96	96
2/27/1996	1996	2	27	96058	58	100	100
2/28/1996	1996	2	28	96059	59	96	96
2/29/1996	1996	2	29	96060	60	NA	99
3/1/1996	1996	3	1	96061	61	99	100
3/2/1996	1996	3	2	96062	62	100	100
3/3/1996	1996	3	3	96063	63	100	100
3/4/1996	1996	3	4	96064	64	100	100
3/5/1996	1996	3	5	96065	65	100	100
3/6/1996	1996	3	6	96066	66	100	100
3/7/1996	1996	3	7	96067	67	100	100
3/8/1996	1996	3	8	96068	68	92	92
3/9/1996	1996	3	9	96069	69	100	100
3/10/1996	1996	3	10	96070	70	100	100
3/11/1996	1996	3	11	96071	71	100	99
3/12/1996	1996	3	12	96072	72	100	100
3/13/1996	1996	3	13	96073	73	100	100
3/14/1996	1996	3	14	96074	74	99	98
3/15/1996	1996	3	15	96075	75	100	100
3/16/1996	1996	3	16	96076	76	100	100
3/17/1996	1996	3	17	96077	77	100	100
3/18/1996	1996	3	18	96078	78	100	100
3/19/1996	1996	3	19	96079	79	100	100
3/20/1996	1996	3	20	96080	80	98	97
3/21/1996	1996	3	21	96081	81	94	94
3/22/1996	1996	3	22	96082	82	84	87
3/23/1996	1996	3	23	96083	83	88	89
3/24/1996	1996	3	24	96084	84	80	81
3/25/1996	1996	3	25	96085	85	86	87
3/26/1996	1996	3	26	96086	86	92	93
3/27/1996	1996	3	27	96087	87	93	93
3/28/1996	1996	3	28	96088	88	100	78
3/29/1996	1996	3	29	96089	89	100	62
3/30/1996	1996	3	30	96090	90	67	46
3/31/1996	1996	3	31	96091	91	77	29
4/1/1996	1996	4	1	96092	92	92	66
4/2/1996	1996	4	2	96093	93	93	76
4/3/1996	1996	4	3	96094	94	96	91
4/4/1996	1996	4	4	96095	95	94	92
4/5/1996	1996	4	5	96096	96	100	92
4/6/1996	1996	4	6	96097	97	93	93
4/7/1996	1996	4	7	96098	98	95	95
4/8/1996	1996	4	8	96099	99	97	98
4/9/1996	1996	4	9	96100	100	99	100
4/10/1996	1996	4	10	96101	101	92	93
4/11/1996	1996	4	11	96102	102	92	96
4/12/1996	1996	4	12	96103	103	95	95
4/13/1996	1996	4	13	96104	104	99	94
4/14/1996	1996	4	14	96105	105	97	97
4/15/1996	1996	4	15	96106	106	93	93
4/16/1996	1996	4	16	96107	107	72	73
4/17/1996	1996	4	17	96108	108	67	68
4/18/1996	1996	4	18	96109	109	71	72
4/19/1996	1996	4	19	96110	110	77	78
4/20/1996	1996	4	20	96111	111	66	67
4/21/1996	1996	4	21	96112	112	58	59
4/22/1996	1996	4	22	96113	113	59	54
4/23/1996	1996	4	23	96114	114	52	53
4/24/1996	1996	4	24	96115	115	27	29
4/25/1996	1996	4	25	96116	116	21	24
4/26/1996	1996	4	26	96117	117	46	36
4/27/1996	1996	4	27	96118	118	55	50
4/28/1996	1996	4	28	96119	119	22	30
4/29/1996	1996	4	29	96120	120	0	0
4/30/1996	1996	4	30	96121	121	0	0
11/1/1996	1996	11	1	96306	306	0	0
11/2/1996	1996	11	2	96307	307	0	0
11/3/1996	1996	11	3	96308	308	0	0
11/4/1996	1996	11	4	96309	309	0	0
11/5/1996	1996	11	5	96310	310	0	0
11/6/1996	1996	11	6	96311	311	0	0
11/7/1996	1996	11	7	96312	312	0	0
11/8/1996	1996	11	8	96313	313	0	0
11/9/1996	1996	11	9	96314	314	0	0
11/10/1996	1996	11	10	96315	315	0	0
11/11/1996	1996	11	11	96316	316	0	0
11/12/1996	1996	11	12	96317	317	0	0
11/13/1996	1996	11	13	96318	318	0	0
11/14/1996	1996	11	14	96319	319	0	0
11/15/1996	1996	11	15	96320	320	0	0
11/16/1996	1996	11	16	96321	321	0	0
11/17/1996	1996	11	17	96322	322	0	0
11/18/1996	1996	11	18	96323	323	0	0
11/19/1996	1996	11	19	96324	324	0	0
11/20/1996	1996	11	20	96325	325	0	0
11/21/1996	1996	11	21	96326	326	0	0
11/22/1996	1996	11	22	96327	327	0	0
11/23/1996	1996	11	23	96328	328	0	0
11/24/1996	1996	11	24	96329	329	0	0
11/25/1996	1996	11	25	96330	330	0	0
11/26/1996	1996	11	26	96331	331	0	0
11/27/1996	1996	11	27	96332	332	0	0
11/28/1996	1996	11	28	96333	333	0	0
11/29/1996	1996	11	29	96334	334	0	0
11/30/1996	1996	11	30	96335	335	0	0
12/1/1996	1996	12	1	96336	336	0	0
12/2/1996	1996	12	2	96337	337	0	0
12/3/1996	1996	12	3	96338	338	0	0
12/4/1996	1996	12	4	96339	339	0	0
12/5/1996	1996	12	5	96340	340	0	0
12/6/1996	1996	12	6	96341	341	0	0
12/7/1996	1996	12	7	96342	342	0	0
12/8/1996	1996	12	8	96343	343	0	0
12/9/1996	1996	12	9	96344	344	0	0
12/10/1996	1996	12	10	96345	345	0	0
12/11/1996	1996	12	11	96346	346	0	0
12/12/1996	1996	12	12	96347	347	0	0
12/13/1996	1996	12	13	96348	348	0	0
12/14/1996	1996	12	14	96349	349	0	0
12/15/1996	1996	12	15	96350	350	0	0
12/16/1996	1996	12	16	96351	351	0	0
12/17/1996	1996	12	17	96352	352	0	0
12/18/1996	1996	12	18	96353	353	0	0
12/19/1996	1996	12	19	96354	354	0	0
12/20/1996	1996	12	20	96355	355	0	0
12/21/1996	1996	12	21	96356	356	0	0
12/22/1996	1996	12	22	96357	357	0	0
12/23/1996	1996	12	23	96358	358	0	0
12/24/1996	1996	12	24	96359	359	0	0
12/25/1996	1996	12	25	96360	360	0	0
12/26/1996	1996	12	26	96361	361	0	0
12/27/1996	1996	12	27	96362	362	0	0
12/28/1996	1996	12	28	96363	363	0	0
12/29/1996	1996	12	29	96364	364	0	0
12/30/1996	1996	12	30	96365	365	0	0
12/31/1996	1996	12	31	96366	366	0	0
1/1/1997	1997	1	1	97001	1	0	0
1/2/1997	1997	1	2	97002	2	0	0
1/3/1997	1997	1	3	97003	3	0	0
1/4/1997	1997	1	4	97004	4	24	23
1/5/1997	1997	1	5	97005	5	17	20
1/6/1997	1997	1	6	97006	6	31	27
1/7/1997	1997	1	7	97007	7	33	41
1/8/1997	1997	1	8	97008	8	23	27
1/9/1997	1997	1	9	97009	9	24	26
1/10/1997	1997	1	10	97010	10	0	23
1/11/1997	1997	1	11	97011	11	0	21
1/12/1997	1997	1	12	97012	12	36	39
1/13/1997	1997	1	13	97013	13	47	61
1/14/1997	1997	1	14	97014	14	54	62
1/15/1997	1997	1	15	97015	15	66	67
1/16/1997	1997	1	16	97016	16	54	71
1/17/1997	1997	1	17	97017	17	66	68
1/18/1997	1997	1	18	97018	18	81	80
1/19/1997	1997	1	19	97019	19	88	83
1/20/1997	1997	1	20	97020	20	93	93
1/21/1997	1997	1	21	97021	21	92	94
1/22/1997	1997	1	22	97022	22	95	95
1/23/1997	1997	1	23	97023	23	94	95
1/24/1997	1997	1	24	97024	24	100	100
1/25/1997	1997	1	25	97025	25	100	100
1/26/1997	1997	1	26	97026	26	100	100
1/27/1997	1997	1	27	97027	27	100	100
1/28/1997	1997	1	28	97028	28	100	100
1/29/1997	1997	1	29	97029	29	92	92
1/30/1997	1997	1	30	97030	30	87	87
1/31/1997	1997	1	31	97031	31	93	92
2/1/1997	1997	2	1	97032	32	93	93
2/2/1997	1997	2	2	97033	33	97	97
2/3/1997	1997	2	3	97034	34	93	93
2/4/1997	1997	2	4	97035	35	93	92
2/5/1997	1997	2	5	97036	36	100	98
2/6/1997	1997	2	6	97037	37	94	95
2/7/1997	1997	2	7	97038	38	94	95
2/8/1997	1997	2	8	97039	39	94	92
2/9/1997	1997	2	9	97040	40	100	100
2/10/1997	1997	2	10	97041	41	95	94
2/11/1997	1997	2	11	97042	42	94	95
2/12/1997	1997	2	12	97043	43	100	100
2/13/1997	1997	2	13	97044	44	100	100
2/14/1997	1997	2	14	97045	45	100	100
2/15/1997	1997	2	15	97046	46	100	94
2/16/1997	1997	2	16	97047	47	97	96
2/17/1997	1997	2	17	97048	48	96	96
2/18/1997	1997	2	18	97049	49	96	94
2/19/1997	1997	2	19	97050	50	96	94
2/20/1997	1997	2	20	97051	51	96	96
2/21/1997	1997	2	21	97052	52	94	94
2/22/1997	1997	2	22	97053	53	95	95
2/23/1997	1997	2	23	97054	54	93	93
2/24/1997	1997	2	24	97055	55	94	94
2/25/1997	1997	2	25	97056	56	95	94
2/26/1997	1997	2	26	97057	57	96	96
2/27/1997	1997	2	27	97058	58	100	100
2/28/1997	1997	2	28	97059	59	100	100
3/1/1997	1997	3	1	97060	60	100	100
3/2/1997	1997	3	2	97061	61	100	100
3/3/1997	1997	3	3	97062	62	97	94
3/4/1997	1997	3	4	97063	63	93	93
3/5/1997	1997	3	5	97064	64	94	94
3/6/1997	1997	3	6	97065	65	93	94
3/7/1997	1997	3	7	97066	66	96	96
3/8/1997	1997	3	8	97067	67	100	100
3/9/1997	1997	3	9	97068	68	100	100
3/10/1997	1997	3	10	97069	69	100	100
3/11/1997	1997	3	11	97070	70	100	100
3/12/1997	1997	3	12	97071	71	100	100
3/13/1997	1997	3	13	97072	72	100	100
3/14/1997	1997	3	14	97073	73	100	100
3/15/1997	1997	3	15	97074	74	100	98
3/16/1997	1997	3	16	97075	75	100	100
3/17/1997	1997	3	17	97076	76	100	100
3/18/1997	1997	3	18	97077	77	100	97
3/19/1997	1997	3	19	97078	78	93	93
3/20/1997	1997	3	20	97079	79	93	94
3/21/1997	1997	3	21	97080	80	93	95
3/22/1997	1997	3	22	97081	81	92	97
3/23/1997	1997	3	23	97082	82	95	94
3/24/1997	1997	3	24	97083	83	97	95
3/25/1997	1997	3	25	97084	84	97	92
3/26/1997	1997	3	26	97085	85	96	94
3/27/1997	1997	3	27	97086	86	96	95
3/28/1997	1997	3	28	97087	87	100	95
3/29/1997	1997	3	29	97088	88	100	92
3/30/1997	1997	3	30	97089	89	100	93
3/31/1997	1997	3	31	97090	90	100	100
4/1/1997	1997	4	1	97091	91	98	92
4/2/1997	1997	4	2	97092	92	100	100
4/3/1997	1997	4	3	97093	93	100	98
4/4/1997	1997	4	4	97094	94	98	98
4/5/1997	1997	4	5	97095	95	99	98
4/6/1997	1997	4	6	97096	96	98	97
4/7/1997	1997	4	7	97097	97	100	100
4/8/1997	1997	4	8	97098	98	100	100
4/9/1997	1997	4	9	97099	99	99	99
4/10/1997	1997	4	10	97100	100	100	100
4/11/1997	1997	4	11	97101	101	100	100
4/12/1997	1997	4	12	97102	102	100	100
4/13/1997	1997	4	13	97103	103	93	94
4/14/1997	1997	4	14	97104	104	87	87
4/15/1997	1997	4	15	97105	105	89	89
4/16/1997	1997	4	16	97106	106	93	94
4/17/1997	1997	4	17	97107	107	99	99
4/18/1997	1997	4	18	97108	108	96	96
4/19/1997	1997	4	19	97109	109	82	82
4/20/1997	1997	4	20	97110	110	77	78
4/21/1997	1997	4	21	97111	111	75	76
4/22/1997	1997	4	22	97112	112	86	86
4/23/1997	1997	4	23	97113	113	73	74
4/24/1997	1997	4	24	97114	114	53	53
4/25/1997	1997	4	25	97115	115	44	45
4/26/1997	1997	4	26	97116	116	35	37
4/27/1997	1997	4	27	97117	117	37	39
4/28/1997	1997	4	28	97118	118	26	27
4/29/1997	1997	4	29	97119	119	0	23
4/30/1997	1997	4	30	97120	120	0	0
11/1/1997	1997	11	1	97305	305	0	0
11/2/1997	1997	11	2	97306	306	0	0
11/3/1997	1997	11	3	97307	307	0	0
11/4/1997	1997	11	4	97308	308	0	0
11/5/1997	1997	11	5	97309	309	0	0
11/6/1997	1997	11	6	97310	310	0	0
11/7/1997	1997	11	7	97311	311	0	0
11/8/1997	1997	11	8	97312	312	0	0
11/9/1997	1997	11	9	97313	313	0	0
11/10/1997	1997	11	10	97314	314	0	0
11/11/1997	1997	11	11	97315	315	0	0
11/12/1997	1997	11	12	97316	316	0	0
11/13/1997	1997	11	13	97317	317	0	0
11/14/1997	1997	11	14	97318	318	0	0
11/15/1997	1997	11	15	97319	319	0	0
11/16/1997	1997	11	16	97320	320	0	0
11/17/1997	1997	11	17	97321	321	0	0
11/18/1997	1997	11	18	97322	322	0	0
11/19/1997	1997	11	19	97323	323	0	0
11/20/1997	1997	11	20	97324	324	0	0
11/21/1997	1997	11	21	97325	325	0	0
11/22/1997	1997	11	22	97326	326	0	0
11/23/1997	1997	11	23	97327	327	0	0
11/24/1997	1997	11	24	97328	328	0	0
11/25/1997	1997	11	25	97329	329	0	0
11/26/1997	1997	11	26	97330	330	0	0
11/27/1997	1997	11	27	97331	331	0	0
11/28/1997	1997	11	28	97332	332	0	0
11/29/1997	1997	11	29	97333	333	0	0
11/30/1997	1997	11	30	97334	334	0	0
12/1/1997	1997	12	1	97335	335	0	0
12/2/1997	1997	12	2	97336	336	0	0
12/3/1997	1997	12	3	97337	337	0	0
12/4/1997	1997	12	4	97338	338	0	0
12/5/1997	1997	12	5	97339	339	0	0
12/6/1997	1997	12	6	97340	340	0	0
12/7/1997	1997	12	7	97341	341	0	0
12/8/1997	1997	12	8	97342	342	0	0
12/9/1997	1997	12	9	97343	343	0	0
12/10/1997	1997	12	10	97344	344	0	0
12/11/1997	1997	12	11	97345	345	0	0
12/12/1997	1997	12	12	97346	346	0	0
12/13/1997	1997	12	13	97347	347	0	0
12/14/1997	1997	12	14	97348	348	0	0
12/15/1997	1997	12	15	97349	349	0	0
12/16/1997	1997	12	16	97350	350	0	0
12/17/1997	1997	12	17	97351	351	0	0
12/18/1997	1997	12	18	97352	352	0	0
12/19/1997	1997	12	19	97353	353	50	32
12/20/1997	1997	12	20	97354	354	67	55
12/21/1997	1997	12	21	97355	355	78	66
12/22/1997	1997	12	22	97356	356	81	78
12/23/1997	1997	12	23	97357	357	83	79
12/24/1997	1997	12	24	97358	358	83	79
12/25/1997	1997	12	25	97359	359	87	89
12/26/1997	1997	12	26	97360	360	85	88
12/27/1997	1997	12	27	97361	361	93	93
12/28/1997	1997	12	28	97362	362	94	92
12/29/1997	1997	12	29	97363	363	95	95
12/30/1997	1997	12	30	97364	364	97	96
12/31/1997	1997	12	31	97365	365	88	88
1/1/1998	1998	1	1	98001	1	94	92
1/2/1998	1998	1	2	98002	2	94	96
1/3/1998	1998	1	3	98003	3	92	94
1/4/1998	1998	1	4	98004	4	97	98
1/5/1998	1998	1	5	98005	5	99	97
1/6/1998	1998	1	6	98006	6	100	100
1/7/1998	1998	1	7	98007	7	100	99
1/8/1998	1998	1	8	98008	8	92	100
1/9/1998	1998	1	9	98009	9	94	94
1/10/1998	1998	1	10	98010	10	95	93
1/11/1998	1998	1	11	98011	11	93	93
1/12/1998	1998	1	12	98012	12	95	97
1/13/1998	1998	1	13	98013	13	99	99
1/14/1998	1998	1	14	98014	14	99	99
1/15/1998	1998	1	15	98015	15	92	93
1/16/1998	1998	1	16	98016	16	89	90
1/17/1998	1998	1	17	98017	17	100	99
1/18/1998	1998	1	18	98018	18	96	92
1/19/1998	1998	1	19	98019	19	93	93
1/20/1998	1998	1	20	98020	20	99	99
1/21/1998	1998	1	21	98021	21	96	96
1/22/1998	1998	1	22	98022	22	100	100
1/23/1998	1998	1	23	98023	23	97	97
1/24/1998	1998	1	24	98024	24	93	94
1/25/1998	1998	1	25	98025	25	100	100
1/26/1998	1998	1	26	98026	26	93	93
1/27/1998	1998	1	27	98027	27	100	94
1/28/1998	1998	1	28	98028	28	92	96
1/29/1998	1998	1	29	98029	29	95	100
1/30/1998	1998	1	30	98030	30	99	94
1/31/1998	1998	1	31	98031	31	100	98
2/1/1998	1998	2	1	98032	32	100	100
2/2/1998	1998	2	2	98033	33	100	100
2/3/1998	1998	2	3	98034	34	100	100
2/4/1998	1998	2	4	98035	35	100	99
2/5/1998	1998	2	5	98036	36	99	99
2/6/1998	1998	2	6	98037	37	100	100
2/7/1998	1998	2	7	98038	38	95	98
2/8/1998	1998	2	8	98039	39	100	95
2/9/1998	1998	2	9	98040	40	100	100
2/10/1998	1998	2	10	98041	41	98	99
2/11/1998	1998	2	11	98042	42	100	100
2/12/1998	1998	2	12	98043	43	100	100
2/13/1998	1998	2	13	98044	44	100	100
2/14/1998	1998	2	14	98045	45	99	99
2/15/1998	1998	2	15	98046	46	100	100
2/16/1998	1998	2	16	98047	47	97	97
2/17/1998	1998	2	17	98048	48	92	92
2/18/1998	1998	2	18	98049	49	99	99
2/19/1998	1998	2	19	98050	50	92	92
2/20/1998	1998	2	20	98051	51	93	92
2/21/1998	1998	2	21	98052	52	93	93
2/22/1998	1998	2	22	98053	53	93	94
2/23/1998	1998	2	23	98054	54	92	92
2/24/1998	1998	2	24	98055	55	91	92
2/25/1998	1998	2	25	98056	56	89	90
2/26/1998	1998	2	26	98057	57	90	91
2/27/1998	1998	2	27	98058	58	97	97
2/28/1998	1998	2	28	98059	59	95	95
3/1/1998	1998	3	1	98060	60	92	94
3/2/1998	1998	3	2	98061	61	97	96
3/3/1998	1998	3	3	98062	62	95	95
3/4/1998	1998	3	4	98063	63	100	100
3/5/1998	1998	3	5	98064	64	100	97
3/6/1998	1998	3	6	98065	65	100	100
3/7/1998	1998	3	7	98066	66	100	100
3/8/1998	1998	3	8	98067	67	100	100
3/9/1998	1998	3	9	98068	68	99	99
3/10/1998	1998	3	10	98069	69	100	100
3/11/1998	1998	3	11	98070	70	100	100
3/12/1998	1998	3	12	98071	71	100	100
3/13/1998	1998	3	13	98072	72	100	100
3/14/1998	1998	3	14	98073	73	100	100
3/15/1998	1998	3	15	98074	74	100	100
3/16/1998	1998	3	16	98075	75	100	100
3/17/1998	1998	3	17	98076	76	93	94
3/18/1998	1998	3	18	98077	77	96	94
3/19/1998	1998	3	19	98078	78	100	100
3/20/1998	1998	3	20	98079	79	100	100
3/21/1998	1998	3	21	98080	80	95	95
3/22/1998	1998	3	22	98081	81	100	100
3/23/1998	1998	3	23	98082	82	99	99
3/24/1998	1998	3	24	98083	83	100	100
3/25/1998	1998	3	25	98084	84	100	96
3/26/1998	1998	3	26	98085	85	96	96
3/27/1998	1998	3	27	98086	86	98	97
3/28/1998	1998	3	28	98087	87	97	98
3/29/1998	1998	3	29	98088	88	95	94
3/30/1998	1998	3	30	98089	89	99	98
3/31/1998	1998	3	31	98090	90	100	100
4/1/1998	1998	4	1	98091	91	100	98
4/2/1998	1998	4	2	98092	92	98	98
4/3/1998	1998	4	3	98093	93	100	100
4/4/1998	1998	4	4	98094	94	97	94
4/5/1998	1998	4	5	98095	95	95	95
4/6/1998	1998	4	6	98096	96	100	100
4/7/1998	1998	4	7	98097	97	100	100
4/8/1998	1998	4	8	98098	98	99	98
4/9/1998	1998	4	9	98099	99	98	99
4/10/1998	1998	4	10	98100	100	100	100
4/11/1998	1998	4	11	98101	101	100	95
4/12/1998	1998	4	12	98102	102	93	91
4/13/1998	1998	4	13	98103	103	90	92
4/14/1998	1998	4	14	98104	104	93	87
4/15/1998	1998	4	15	98105	105	92	98
4/16/1998	1998	4	16	98106	106	93	93
4/17/1998	1998	4	17	98107	107	95	95
4/18/1998	1998	4	18	98108	108	94	93
4/19/1998	1998	4	19	98109	109	88	88
4/20/1998	1998	4	20	98110	110	84	84
4/21/1998	1998	4	21	98111	111	85	85
4/22/1998	1998	4	22	98112	112	86	86
4/23/1998	1998	4	23	98113	113	87	87
4/24/1998	1998	4	24	98114	114	93	93
4/25/1998	1998	4	25	98115	115	95	97
4/26/1998	1998	4	26	98116	116	90	95
4/27/1998	1998	4	27	98117	117	91	84
4/28/1998	1998	4	28	98118	118	74	70
4/29/1998	1998	4	29	98119	119	75	76
4/30/1998	1998	4	30	98120	120	75	73
11/1/1998	1998	11	1	98305	305	0	0
11/2/1998	1998	11	2	98306	306	0	0
11/3/1998	1998	11	3	98307	307	0	0
11/4/1998	1998	11	4	98308	308	0	0
11/5/1998	1998	11	5	98309	309	0	0
11/6/1998	1998	11	6	98310	310	0	0
11/7/1998	1998	11	7	98311	311	0	0
11/8/1998	1998	11	8	98312	312	0	0
11/9/1998	1998	11	9	98313	313	0	0
11/10/1998	1998	11	10	98314	314	0	0
11/11/1998	1998	11	11	98315	315	0	0
11/12/1998	1998	11	12	98316	316	0	0
11/13/1998	1998	11	13	98317	317	0	0
11/14/1998	1998	11	14	98318	318	0	0
11/15/1998	1998	11	15	98319	319	0	0
11/16/1998	1998	11	16	98320	320	0	0
11/17/1998	1998	11	17	98321	321	0	0
11/18/1998	1998	11	18	98322	322	0	0
11/19/1998	1998	11	19	98323	323	0	0
11/20/1998	1998	11	20	98324	324	0	0
11/21/1998	1998	11	21	98325	325	0	0
11/22/1998	1998	11	22	98326	326	0	0
11/23/1998	1998	11	23	98327	327	0	0
11/24/1998	1998	11	24	98328	328	0	0
11/25/1998	1998	11	25	98329	329	0	0
11/26/1998	1998	11	26	98330	330	0	0
11/27/1998	1998	11	27	98331	331	0	0
11/28/1998	1998	11	28	98332	332	0	0
11/29/1998	1998	11	29	98333	333	0	0
11/30/1998	1998	11	30	98334	334	0	0
12/1/1998	1998	12	1	98335	335	0	0
12/2/1998	1998	12	2	98336	336	0	0
12/3/1998	1998	12	3	98337	337	0	0
12/4/1998	1998	12	4	98338	338	0	0
12/5/1998	1998	12	5	98339	339	0	0
12/6/1998	1998	12	6	98340	340	0	0
12/7/1998	1998	12	7	98341	341	0	0
12/8/1998	1998	12	8	98342	342	0	0
12/9/1998	1998	12	9	98343	343	0	0
12/10/1998	1998	12	10	98344	344	0	0
12/11/1998	1998	12	11	98345	345	0	0
12/12/1998	1998	12	12	98346	346	0	0
12/13/1998	1998	12	13	98347	347	0	0
12/14/1998	1998	12	14	98348	348	0	0
12/15/1998	1998	12	15	98349	349	0	0
12/16/1998	1998	12	16	98350	350	0	0
12/17/1998	1998	12	17	98351	351	0	0
12/18/1998	1998	12	18	98352	352	0	0
12/19/1998	1998	12	19	98353	353	0	0
12/20/1998	1998	12	20	98354	354	0	0
12/21/1998	1998	12	21	98355	355	0	0
12/22/1998	1998	12	22	98356	356	0	0
12/23/1998	1998	12	23	98357	357	0	0
12/24/1998	1998	12	24	98358	358	0	0
12/25/1998	1998	12	25	98359	359	0	0
12/26/1998	1998	12	26	98360	360	0	0
12/27/1998	1998	12	27	98361	361	0	0
12/28/1998	1998	12	28	98362	362	0	0
12/29/1998	1998	12	29	98363	363	0	0
12/30/1998	1998	12	30	98364	364	0	0
12/31/1998	1998	12	31	98365	365	0	22
1/1/1999	1999	1	1	99001	1	19	21
1/2/1999	1999	1	2	99002	2	37	39
1/3/1999	1999	1	3	99003	3	47	34
1/4/1999	1999	1	4	99004	4	43	25
1/5/1999	1999	1	5	99005	5	49	31
1/6/1999	1999	1	6	99006	6	61	43
1/7/1999	1999	1	7	99007	7	69	58
1/8/1999	1999	1	8	99008	8	90	71
1/9/1999	1999	1	9	99009	9	93	94
1/10/1999	1999	1	10	99010	10	98	97
1/11/1999	1999	1	11	99011	11	94	94
1/12/1999	1999	1	12	99012	12	86	87
1/13/1999	1999	1	13	99013	13	89	87
1/14/1999	1999	1	14	99014	14	92	94
1/15/1999	1999	1	15	99015	15	97	93
1/16/1999	1999	1	16	99016	16	93	90
1/17/1999	1999	1	17	99017	17	94	94
1/18/1999	1999	1	18	99018	18	92	92
1/19/1999	1999	1	19	99019	19	97	97
1/20/1999	1999	1	20	99020	20	94	93
1/21/1999	1999	1	21	99021	21	97	95
1/22/1999	1999	1	22	99022	22	99	99
1/23/1999	1999	1	23	99023	23	97	97
1/24/1999	1999	1	24	99024	24	96	95
1/25/1999	1999	1	25	99025	25	96	97
1/26/1999	1999	1	26	99026	26	96	97
1/27/1999	1999	1	27	99027	27	99	99
1/28/1999	1999	1	28	99028	28	96	97
1/29/1999	1999	1	29	99029	29	97	97
1/30/1999	1999	1	30	99030	30	97	97
1/31/1999	1999	1	31	99031	31	99	99
2/1/1999	1999	2	1	99032	32	99	100
2/2/1999	1999	2	2	99033	33	100	100
2/3/1999	1999	2	3	99034	34	100	100
2/4/1999	1999	2	4	99035	35	100	100
2/5/1999	1999	2	5	99036	36	100	100
2/6/1999	1999	2	6	99037	37	100	100
2/7/1999	1999	2	7	99038	38	100	100
2/8/1999	1999	2	8	99039	39	100	100
2/9/1999	1999	2	9	99040	40	100	100
2/10/1999	1999	2	10	99041	41	100	100
2/11/1999	1999	2	11	99042	42	99	100
2/12/1999	1999	2	12	99043	43	94	95
2/13/1999	1999	2	13	99044	44	96	95
2/14/1999	1999	2	14	99045	45	97	97
2/15/1999	1999	2	15	99046	46	100	100
2/16/1999	1999	2	16	99047	47	99	100
2/17/1999	1999	2	17	99048	48	98	99
2/18/1999	1999	2	18	99049	49	97	98
2/19/1999	1999	2	19	99050	50	97	100
2/20/1999	1999	2	20	99051	51	100	100
2/21/1999	1999	2	21	99052	52	100	100
2/22/1999	1999	2	22	99053	53	100	100
2/23/1999	1999	2	23	99054	54	100	100
2/24/1999	1999	2	24	99055	55	100	100
2/25/1999	1999	2	25	99056	56	100	100
2/26/1999	1999	2	26	99057	57	100	100
2/27/1999	1999	2	27	99058	58	100	100
2/28/1999	1999	2	28	99059	59	92	92
3/1/1999	1999	3	1	99060	60	95	93
3/2/1999	1999	3	2	99061	61	92	92
3/3/1999	1999	3	3	99062	62	100	100
3/4/1999	1999	3	4	99063	63	100	100
3/5/1999	1999	3	5	99064	64	100	100
3/6/1999	1999	3	6	99065	65	100	100
3/7/1999	1999	3	7	99066	66	100	100
3/8/1999	1999	3	8	99067	67	100	100
3/9/1999	1999	3	9	99068	68	100	100
3/10/1999	1999	3	10	99069	69	100	100
3/11/1999	1999	3	11	99070	70	100	100
3/12/1999	1999	3	12	99071	71	92	92
3/13/1999	1999	3	13	99072	72	97	97
3/14/1999	1999	3	14	99073	73	94	93
3/15/1999	1999	3	15	99074	74	94	94
3/16/1999	1999	3	16	99075	75	92	92
3/17/1999	1999	3	17	99076	76	94	94
3/18/1999	1999	3	18	99077	77	100	100
3/19/1999	1999	3	19	99078	78	96	96
3/20/1999	1999	3	20	99079	79	100	100
3/21/1999	1999	3	21	99080	80	96	96
3/22/1999	1999	3	22	99081	81	100	100
3/23/1999	1999	3	23	99082	82	98	98
3/24/1999	1999	3	24	99083	83	100	100
3/25/1999	1999	3	25	99084	84	95	95
3/26/1999	1999	3	26	99085	85	95	95
3/27/1999	1999	3	27	99086	86	92	93
3/28/1999	1999	3	28	99087	87	93	94
3/29/1999	1999	3	29	99088	88	89	90
3/30/1999	1999	3	30	99089	89	88	88
3/31/1999	1999	3	31	99090	90	96	96
4/1/1999	1999	4	1	99091	91	98	98
4/2/1999	1999	4	2	99092	92	98	96
4/3/1999	1999	4	3	99093	93	94	94
4/4/1999	1999	4	4	99094	94	92	92
4/5/1999	1999	4	5	99095	95	94	97
4/6/1999	1999	4	6	99096	96	97	97
4/7/1999	1999	4	7	99097	97	94	95
4/8/1999	1999	4	8	99098	98	94	94
4/9/1999	1999	4	9	99099	99	93	97
4/10/1999	1999	4	10	99100	100	96	98
4/11/1999	1999	4	11	99101	101	99	96
4/12/1999	1999	4	12	99102	102	92	93
4/13/1999	1999	4	13	99103	103	96	94
4/14/1999	1999	4	14	99104	104	95	95
4/15/1999	1999	4	15	99105	105	95	95
4/16/1999	1999	4	16	99106	106	98	96
4/17/1999	1999	4	17	99107	107	100	98
4/18/1999	1999	4	18	99108	108	100	99
4/19/1999	1999	4	19	99109	109	96	96
4/20/1999	1999	4	20	99110	110	95	95
4/21/1999	1999	4	21	99111	111	98	100
4/22/1999	1999	4	22	99112	112	97	97
4/23/1999	1999	4	23	99113	113	93	93
4/24/1999	1999	4	24	99114	114	90	91
4/25/1999	1999	4	25	99115	115	88	88
4/26/1999	1999	4	26	99116	116	88	88
4/27/1999	1999	4	27	99117	117	96	96
4/28/1999	1999	4	28	99118	118	98	98
4/29/1999	1999	4	29	99119	119	92	93
4/30/1999	1999	4	30	99120	120	92	92
11/1/1999	1999	11	1	99305	305	0	0
11/2/1999	1999	11	2	99306	306	0	0
11/3/1999	1999	11	3	99307	307	0	0
11/4/1999	1999	11	4	99308	308	0	0
11/5/1999	1999	11	5	99309	309	0	0
11/6/1999	1999	11	6	99310	310	0	0
11/7/1999	1999	11	7	99311	311	0	0
11/8/1999	1999	11	8	99312	312	0	0
11/9/1999	1999	11	9	99313	313	0	0
11/10/1999	1999	11	10	99314	314	0	0
11/11/1999	1999	11	11	99315	315	0	0
11/12/1999	1999	11	12	99316	316	0	0
11/13/1999	1999	11	13	99317	317	0	0
11/14/1999	1999	11	14	99318	318	0	0
11/15/1999	1999	11	15	99319	319	0	0
11/16/1999	1999	11	16	99320	320	0	0
11/17/1999	1999	11	17	99321	321	0	0
11/18/1999	1999	11	18	99322	322	0	0
11/19/1999	1999	11	19	99323	323	0	0
11/20/1999	1999	11	20	99324	324	0	0
11/21/1999	1999	11	21	99325	325	0	0
11/22/1999	1999	11	22	99326	326	0	0
11/23/1999	1999	11	23	99327	327	0	0
11/24/1999	1999	11	24	99328	328	0	0
11/25/1999	1999	11	25	99329	329	0	0
11/26/1999	1999	11	26	99330	330	0	0
11/27/1999	1999	11	27	99331	331	0	0
11/28/1999	1999	11	28	99332	332	0	0
11/29/1999	1999	11	29	99333	333	53	27
11/30/1999	1999	11	30	99334	334	33	40
12/1/1999	1999	12	1	99335	335	27	26
12/2/1999	1999	12	2	99336	336	44	34
12/3/1999	1999	12	3	99337	337	64	55
12/4/1999	1999	12	4	99338	338	85	72
12/5/1999	1999	12	5	99339	339	90	77
12/6/1999	1999	12	6	99340	340	92	87
12/7/1999	1999	12	7	99341	341	90	74
12/8/1999	1999	12	8	99342	342	94	77
12/9/1999	1999	12	9	99343	343	93	84
12/10/1999	1999	12	10	99344	344	95	87
12/11/1999	1999	12	11	99345	345	97	97
12/12/1999	1999	12	12	99346	346	97	99
12/13/1999	1999	12	13	99347	347	97	96
12/14/1999	1999	12	14	99348	348	94	94
12/15/1999	1999	12	15	99349	349	98	94
12/16/1999	1999	12	16	99350	350	94	96
12/17/1999	1999	12	17	99351	351	93	93
12/18/1999	1999	12	18	99352	352	92	92
12/19/1999	1999	12	19	99353	353	92	92
12/20/1999	1999	12	20	99354	354	94	94
12/21/1999	1999	12	21	99355	355	96	96
12/22/1999	1999	12	22	99356	356	94	94
12/23/1999	1999	12	23	99357	357	93	93
12/24/1999	1999	12	24	99358	358	97	97
12/25/1999	1999	12	25	99359	359	97	97
12/26/1999	1999	12	26	99360	360	100	100
12/27/1999	1999	12	27	99361	361	99	99
12/28/1999	1999	12	28	99362	362	92	92
12/29/1999	1999	12	29	99363	363	95	97
12/30/1999	1999	12	30	99364	364	93	93
12/31/1999	1999	12	31	99365	365	95	95
1/1/2000	2000	1	1	1	1	97	97
1/2/2000	2000	1	2	2	2	100	100
1/3/2000	2000	1	3	3	3	100	100
1/4/2000	2000	1	4	4	4	100	100
1/5/2000	2000	1	5	5	5	100	100
1/6/2000	2000	1	6	6	6	100	100
1/7/2000	2000	1	7	7	7	100	100
1/8/2000	2000	1	8	8	8	95	98
1/9/2000	2000	1	9	9	9	93	92
1/10/2000	2000	1	10	10	10	93	92
1/11/2000	2000	1	11	11	11	94	94
1/12/2000	2000	1	12	12	12	100	100
1/13/2000	2000	1	13	13	13	100	100
1/14/2000	2000	1	14	14	14	97	99
1/15/2000	2000	1	15	15	15	97	97
1/16/2000	2000	1	16	16	16	100	100
1/17/2000	2000	1	17	17	17	98	98
1/18/2000	2000	1	18	18	18	100	100
1/19/2000	2000	1	19	19	19	100	100
1/20/2000	2000	1	20	20	20	100	100
1/21/2000	2000	1	21	21	21	100	100
1/22/2000	2000	1	22	22	22	100	100
1/23/2000	2000	1	23	23	23	100	93
1/24/2000	2000	1	24	24	24	93	93
1/25/2000	2000	1	25	25	25	95	94
1/26/2000	2000	1	26	26	26	99	100
1/27/2000	2000	1	27	27	27	100	100
1/28/2000	2000	1	28	28	28	100	100
1/29/2000	2000	1	29	29	29	100	100
1/30/2000	2000	1	30	30	30	100	100
1/31/2000	2000	1	31	31	31	100	100
2/1/2000	2000	2	1	32	32	100	100
2/2/2000	2000	2	2	33	33	100	100
2/3/2000	2000	2	3	34	34	93	93
2/4/2000	2000	2	4	35	35	93	94
2/5/2000	2000	2	5	36	36	100	93
2/6/2000	2000	2	6	37	37	96	96
2/7/2000	2000	2	7	38	38	98	97
2/8/2000	2000	2	8	39	39	100	100
2/9/2000	2000	2	9	40	40	98	98
2/10/2000	2000	2	10	41	41	95	96
2/11/2000	2000	2	11	42	42	100	100
2/12/2000	2000	2	12	43	43	97	97
2/13/2000	2000	2	13	44	44	100	100
2/14/2000	2000	2	14	45	45	100	100
2/15/2000	2000	2	15	46	46	100	100
2/16/2000	2000	2	16	47	47	100	100
2/17/2000	2000	2	17	48	48	100	100
2/18/2000	2000	2	18	49	49	100	100
2/19/2000	2000	2	19	50	50	100	100
2/20/2000	2000	2	20	51	51	100	100
2/21/2000	2000	2	21	52	52	100	100
2/22/2000	2000	2	22	53	53	100	100
2/23/2000	2000	2	23	54	54	100	100
2/24/2000	2000	2	24	55	55	93	93
2/25/2000	2000	2	25	56	56	92	94
2/26/2000	2000	2	26	57	57	96	96
2/27/2000	2000	2	27	58	58	93	93
2/28/2000	2000	2	28	59	59	94	97
2/29/2000	2000	2	29	60	60	NA	93
3/1/2000	2000	3	1	61	61	93	93
3/2/2000	2000	3	2	62	62	95	95
3/3/2000	2000	3	3	63	63	93	94
3/4/2000	2000	3	4	64	64	97	95
3/5/2000	2000	3	5	65	65	98	99
3/6/2000	2000	3	6	66	66	94	94
3/7/2000	2000	3	7	67	67	100	94
3/8/2000	2000	3	8	68	68	96	96
3/9/2000	2000	3	9	69	69	96	96
3/10/2000	2000	3	10	70	70	97	97
3/11/2000	2000	3	11	71	71	95	95
3/12/2000	2000	3	12	72	72	100	100
3/13/2000	2000	3	13	73	73	98	98
3/14/2000	2000	3	14	74	74	100	100
3/15/2000	2000	3	15	75	75	100	100
3/16/2000	2000	3	16	76	76	99	100
3/17/2000	2000	3	17	77	77	94	97
3/18/2000	2000	3	18	78	78	95	95
3/19/2000	2000	3	19	79	79	97	97
3/20/2000	2000	3	20	80	80	99	99
3/21/2000	2000	3	21	81	81	93	93
3/22/2000	2000	3	22	82	82	90	90
3/23/2000	2000	3	23	83	83	89	90
3/24/2000	2000	3	24	84	84	88	89
3/25/2000	2000	3	25	85	85	91	91
3/26/2000	2000	3	26	86	86	92	93
3/27/2000	2000	3	27	87	87	92	92
3/28/2000	2000	3	28	88	88	92	92
3/29/2000	2000	3	29	89	89	96	97
3/30/2000	2000	3	30	90	90	96	95
3/31/2000	2000	3	31	91	91	99	96
4/1/2000	2000	4	1	92	92	95	95
4/2/2000	2000	4	2	93	93	100	98
4/3/2000	2000	4	3	94	94	97	97
4/4/2000	2000	4	4	95	95	98	98
4/5/2000	2000	4	5	96	96	100	100
4/6/2000	2000	4	6	97	97	94	94
4/7/2000	2000	4	7	98	98	99	100
4/8/2000	2000	4	8	99	99	100	100
4/9/2000	2000	4	9	100	100	97	97
4/10/2000	2000	4	10	101	101	100	100
4/11/2000	2000	4	11	102	102	96	100
4/12/2000	2000	4	12	103	103	100	99
4/13/2000	2000	4	13	104	104	97	93
4/14/2000	2000	4	14	105	105	91	91
4/15/2000	2000	4	15	106	106	72	73
4/16/2000	2000	4	16	107	107	65	66
4/17/2000	2000	4	17	108	108	74	75
4/18/2000	2000	4	18	109	109	30	33
4/19/2000	2000	4	19	110	110	30	32
4/20/2000	2000	4	20	111	111	57	60
4/21/2000	2000	4	21	112	112	75	71
4/22/2000	2000	4	22	113	113	81	76
4/23/2000	2000	4	23	114	114	81	79
4/24/2000	2000	4	24	115	115	86	83
4/25/2000	2000	4	25	116	116	89	83
4/26/2000	2000	4	26	117	117	87	87
4/27/2000	2000	4	27	118	118	80	79
4/28/2000	2000	4	28	119	119	87	84
4/29/2000	2000	4	29	120	120	86	88
4/30/2000	2000	4	30	121	121	89	91
11/1/2000	2000	11	1	306	306	0	0
11/2/2000	2000	11	2	307	307	0	0
11/3/2000	2000	11	3	308	308	0	0
11/4/2000	2000	11	4	309	309	0	0
11/5/2000	2000	11	5	310	310	0	0
11/6/2000	2000	11	6	311	311	0	0
11/7/2000	2000	11	7	312	312	0	0
11/8/2000	2000	11	8	313	313	0	0
11/9/2000	2000	11	9	314	314	0	0
11/10/2000	2000	11	10	315	315	0	0
11/11/2000	2000	11	11	316	316	0	0
11/12/2000	2000	11	12	317	317	0	0
11/13/2000	2000	11	13	318	318	0	0
11/14/2000	2000	11	14	319	319	0	0
11/15/2000	2000	11	15	320	320	0	0
11/16/2000	2000	11	16	321	321	0	0
11/17/2000	2000	11	17	322	322	0	0
11/18/2000	2000	11	18	323	323	0	0
11/19/2000	2000	11	19	324	324	0	0
11/20/2000	2000	11	20	325	325	0	0
11/21/2000	2000	11	21	326	326	0	0
11/22/2000	2000	11	22	327	327	0	0
11/23/2000	2000	11	23	328	328	0	0
11/24/2000	2000	11	24	329	329	0	0
11/25/2000	2000	11	25	330	330	0	0
11/26/2000	2000	11	26	331	331	0	0
11/27/2000	2000	11	27	332	332	0	0
11/28/2000	2000	11	28	333	333	0	0
11/29/2000	2000	11	29	334	334	0	0
11/30/2000	2000	11	30	335	335	0	0
12/1/2000	2000	12	1	336	336	0	0
12/2/2000	2000	12	2	337	337	0	0
12/3/2000	2000	12	3	338	338	0	0
12/4/2000	2000	12	4	339	339	0	0
12/5/2000	2000	12	5	340	340	0	0
12/6/2000	2000	12	6	341	341	0	0
12/7/2000	2000	12	7	342	342	0	0
12/8/2000	2000	12	8	343	343	0	0
12/9/2000	2000	12	9	344	344	0	0
12/10/2000	2000	12	10	345	345	0	0
12/11/2000	2000	12	11	346	346	0	0
12/12/2000	2000	12	12	347	347	0	0
12/13/2000	2000	12	13	348	348	0	0
12/14/2000	2000	12	14	349	349	0	0
12/15/2000	2000	12	15	350	350	0	0
12/16/2000	2000	12	16	351	351	0	0
12/17/2000	2000	12	17	352	352	0	0
12/18/2000	2000	12	18	353	353	0	0
12/19/2000	2000	12	19	354	354	0	0
12/20/2000	2000	12	20	355	355	0	0
12/21/2000	2000	12	21	356	356	0	0
12/22/2000	2000	12	22	357	357	0	0
12/23/2000	2000	12	23	358	358	0	0
12/24/2000	2000	12	24	359	359	0	0
12/25/2000	2000	12	25	360	360	0	0
12/26/2000	2000	12	26	361	361	0	0
12/27/2000	2000	12	27	362	362	0	0
12/28/2000	2000	12	28	363	363	0	0
12/29/2000	2000	12	29	364	364	0	0
12/30/2000	2000	12	30	365	365	0	0
12/31/2000	2000	12	31	366	366	0	0
1/1/2001	2001	1	1	1001	1	0	0
1/2/2001	2001	1	2	1002	2	0	0
1/3/2001	2001	1	3	1003	3	0	0
1/4/2001	2001	1	4	1004	4	0	0
1/5/2001	2001	1	5	1005	5	0	0
1/6/2001	2001	1	6	1006	6	0	0
1/7/2001	2001	1	7	1007	7	0	0
1/8/2001	2001	1	8	1008	8	0	14
1/9/2001	2001	1	9	1009	9	15	15
1/10/2001	2001	1	10	1010	10	29	22
1/11/2001	2001	1	11	1011	11	21	22
1/12/2001	2001	1	12	1012	12	19	17
1/13/2001	2001	1	13	1013	13	29	25
1/14/2001	2001	1	14	1014	14	41	44
1/15/2001	2001	1	15	1015	15	61	40
1/16/2001	2001	1	16	1016	16	63	51
1/17/2001	2001	1	17	1017	17	59	50
1/18/2001	2001	1	18	1018	18	70	60
1/19/2001	2001	1	19	1019	19	86	75
1/20/2001	2001	1	20	1020	20	91	79
1/21/2001	2001	1	21	1021	21	86	71
1/22/2001	2001	1	22	1022	22	62	46
1/23/2001	2001	1	23	1023	23	67	56
1/24/2001	2001	1	24	1024	24	40	33
1/25/2001	2001	1	25	1025	25	36	29
1/26/2001	2001	1	26	1026	26	0	0
1/27/2001	2001	1	27	1027	27	0	0
1/28/2001	2001	1	28	1028	28	0	0
1/29/2001	2001	1	29	1029	29	0	0
1/30/2001	2001	1	30	1030	30	0	0
1/31/2001	2001	1	31	1031	31	0	0
2/1/2001	2001	2	1	1032	32	0	0
2/2/2001	2001	2	2	1033	33	0	0
2/3/2001	2001	2	3	1034	34	0	0
2/4/2001	2001	2	4	1035	35	0	0
2/5/2001	2001	2	5	1036	36	0	0
2/6/2001	2001	2	6	1037	37	0	0
2/7/2001	2001	2	7	1038	38	0	0
2/8/2001	2001	2	8	1039	39	0	0
2/9/2001	2001	2	9	1040	40	0	0
2/10/2001	2001	2	10	1041	41	0	0
2/11/2001	2001	2	11	1042	42	0	0
2/12/2001	2001	2	12	1043	43	0	0
2/13/2001	2001	2	13	1044	44	0	0
2/14/2001	2001	2	14	1045	45	0	0
2/15/2001	2001	2	15	1046	46	0	0
2/16/2001	2001	2	16	1047	47	0	0
2/17/2001	2001	2	17	1048	48	0	0
2/18/2001	2001	2	18	1049	49	0	0
2/19/2001	2001	2	19	1050	50	0	0
2/20/2001	2001	2	20	1051	51	0	0
2/21/2001	2001	2	21	1052	52	0	0
2/22/2001	2001	2	22	1053	53	0	0
2/23/2001	2001	2	23	1054	54	0	0
2/24/2001	2001	2	24	1055	55	0	0
2/25/2001	2001	2	25	1056	56	0	0
2/26/2001	2001	2	26	1057	57	0	0
2/27/2001	2001	2	27	1058	58	0	0
2/28/2001	2001	2	28	1059	59	0	0
3/1/2001	2001	3	1	1060	60	0	0
3/2/2001	2001	3	2	1061	61	0	0
3/3/2001	2001	3	3	1062	62	0	18
3/4/2001	2001	3	4	1063	63	33	36
3/5/2001	2001	3	5	1064	64	0	0
3/6/2001	2001	3	6	1065	65	0	0
3/7/2001	2001	3	7	1066	66	0	0
3/8/2001	2001	3	8	1067	67	0	0
3/9/2001	2001	3	9	1068	68	0	16
3/10/2001	2001	3	10	1069	69	22	28
3/11/2001	2001	3	11	1070	70	21	23
3/12/2001	2001	3	12	1071	71	33	37
3/13/2001	2001	3	13	1072	72	45	42
3/14/2001	2001	3	14	1073	73	61	48
3/15/2001	2001	3	15	1074	74	72	52
3/16/2001	2001	3	16	1075	75	77	66
3/17/2001	2001	3	17	1076	76	86	75
3/18/2001	2001	3	18	1077	77	78	63
3/19/2001	2001	3	19	1078	78	56	59
3/20/2001	2001	3	20	1079	79	90	73
3/21/2001	2001	3	21	1080	80	67	50
3/22/2001	2001	3	22	1081	81	61	40
3/23/2001	2001	3	23	1082	82	56	29
3/24/2001	2001	3	24	1083	83	72	40
3/25/2001	2001	3	25	1084	84	79	75
3/26/2001	2001	3	26	1085	85	85	84
3/27/2001	2001	3	27	1086	86	92	92
3/28/2001	2001	3	28	1087	87	93	94
3/29/2001	2001	3	29	1088	88	92	92
3/30/2001	2001	3	30	1089	89	93	94
3/31/2001	2001	3	31	1090	90	94	94
4/1/2001	2001	4	1	1091	91	93	94
4/2/2001	2001	4	2	1092	92	93	93
4/3/2001	2001	4	3	1093	93	95	93
4/4/2001	2001	4	4	1094	94	96	94
4/5/2001	2001	4	5	1095	95	100	96
4/6/2001	2001	4	6	1096	96	99	96
4/7/2001	2001	4	7	1097	97	95	89
4/8/2001	2001	4	8	1098	98	97	95
4/9/2001	2001	4	9	1099	99	93	90
4/10/2001	2001	4	10	1100	100	97	92
4/11/2001	2001	4	11	1101	101	93	88
4/12/2001	2001	4	12	1102	102	100	100
4/13/2001	2001	4	13	1103	103	99	98
4/14/2001	2001	4	14	1104	104	100	99
4/15/2001	2001	4	15	1105	105	96	96
4/16/2001	2001	4	16	1106	106	96	93
4/17/2001	2001	4	17	1107	107	92	95
4/18/2001	2001	4	18	1108	108	96	98
4/19/2001	2001	4	19	1109	109	99	100
4/20/2001	2001	4	20	1110	110	96	97
4/21/2001	2001	4	21	1111	111	96	95
4/22/2001	2001	4	22	1112	112	90	90
4/23/2001	2001	4	23	1113	113	60	61
4/24/2001	2001	4	24	1114	114	44	46
4/25/2001	2001	4	25	1115	115	32	35
4/26/2001	2001	4	26	1116	116	26	29
4/27/2001	2001	4	27	1117	117	0	0
4/28/2001	2001	4	28	1118	118	0	0
4/29/2001	2001	4	29	1119	119	0	16
4/30/2001	2001	4	30	1120	120	23	24
11/1/2001	2001	11	1	1305	305	0	0
11/2/2001	2001	11	2	1306	306	0	0
11/3/2001	2001	11	3	1307	307	0	0
11/4/2001	2001	11	4	1308	308	0	0
11/5/2001	2001	11	5	1309	309	0	0
11/6/2001	2001	11	6	1310	310	0	0
11/7/2001	2001	11	7	1311	311	0	0
11/8/2001	2001	11	8	1312	312	0	0
11/9/2001	2001	11	9	1313	313	0	0
11/10/2001	2001	11	10	1314	314	0	0
11/11/2001	2001	11	11	1315	315	0	0
11/12/2001	2001	11	12	1316	316	0	0
11/13/2001	2001	11	13	1317	317	0	0
11/14/2001	2001	11	14	1318	318	0	0
11/15/2001	2001	11	15	1319	319	0	0
11/16/2001	2001	11	16	1320	320	0	0
11/17/2001	2001	11	17	1321	321	0	0
11/18/2001	2001	11	18	1322	322	0	0
11/19/2001	2001	11	19	1323	323	0	0
11/20/2001	2001	11	20	1324	324	0	0
11/21/2001	2001	11	21	1325	325	0	0
11/22/2001	2001	11	22	1326	326	0	0
11/23/2001	2001	11	23	1327	327	0	0
11/24/2001	2001	11	24	1328	328	0	0
11/25/2001	2001	11	25	1329	329	0	0
11/26/2001	2001	11	26	1330	330	0	0
11/27/2001	2001	11	27	1331	331	0	0
11/28/2001	2001	11	28	1332	332	0	0
11/29/2001	2001	11	29	1333	333	0	0
11/30/2001	2001	11	30	1334	334	0	0
12/1/2001	2001	12	1	1335	335	0	0
12/2/2001	2001	12	2	1336	336	0	0
12/3/2001	2001	12	3	1337	337	0	0
12/4/2001	2001	12	4	1338	338	0	0
12/5/2001	2001	12	5	1339	339	0	0
12/6/2001	2001	12	6	1340	340	0	0
12/7/2001	2001	12	7	1341	341	0	0
12/8/2001	2001	12	8	1342	342	0	0
12/9/2001	2001	12	9	1343	343	0	0
12/10/2001	2001	12	10	1344	344	0	0
12/11/2001	2001	12	11	1345	345	0	0
12/12/2001	2001	12	12	1346	346	0	0
12/13/2001	2001	12	13	1347	347	0	0
12/14/2001	2001	12	14	1348	348	18	0
12/15/2001	2001	12	15	1349	349	30	0
12/16/2001	2001	12	16	1350	350	55	25
12/17/2001	2001	12	17	1351	351	67	51
12/18/2001	2001	12	18	1352	352	68	48
12/19/2001	2001	12	19	1353	353	48	29
12/20/2001	2001	12	20	1354	354	71	51
12/21/2001	2001	12	21	1355	355	62	63
12/22/2001	2001	12	22	1356	356	70	71
12/23/2001	2001	12	23	1357	357	81	76
12/24/2001	2001	12	24	1358	358	79	76
12/25/2001	2001	12	25	1359	359	70	72
12/26/2001	2001	12	26	1360	360	82	78
12/27/2001	2001	12	27	1361	361	89	84
12/28/2001	2001	12	28	1362	362	91	91
12/29/2001	2001	12	29	1363	363	95	94
12/30/2001	2001	12	30	1364	364	90	89
12/31/2001	2001	12	31	1365	365	84	85
1/1/2002	2002	1	1	2001	1	74	75
1/2/2002	2002	1	2	2002	2	81	82
1/3/2002	2002	1	3	2003	3	87	82
1/4/2002	2002	1	4	2004	4	88	86
1/5/2002	2002	1	5	2005	5	88	88
1/6/2002	2002	1	6	2006	6	88	89
1/7/2002	2002	1	7	2007	7	88	88
1/8/2002	2002	1	8	2008	8	88	88
1/9/2002	2002	1	9	2009	9	91	89
1/10/2002	2002	1	10	2010	10	91	91
1/11/2002	2002	1	11	2011	11	98	98
1/12/2002	2002	1	12	2012	12	94	94
1/13/2002	2002	1	13	2013	13	93	94
1/14/2002	2002	1	14	2014	14	93	95
1/15/2002	2002	1	15	2015	15	94	94
1/16/2002	2002	1	16	2016	16	95	93
1/17/2002	2002	1	17	2017	17	99	99
1/18/2002	2002	1	18	2018	18	99	92
1/19/2002	2002	1	19	2019	19	100	100
1/20/2002	2002	1	20	2020	20	100	100
1/21/2002	2002	1	21	2021	21	100	100
1/22/2002	2002	1	22	2022	22	93	93
1/23/2002	2002	1	23	2023	23	100	100
1/24/2002	2002	1	24	2024	24	93	93
1/25/2002	2002	1	25	2025	25	92	95
1/26/2002	2002	1	26	2026	26	94	94
1/27/2002	2002	1	27	2027	27	93	95
1/28/2002	2002	1	28	2028	28	96	95
1/29/2002	2002	1	29	2029	29	98	97
1/30/2002	2002	1	30	2030	30	100	100
1/31/2002	2002	1	31	2031	31	96	93
2/1/2002	2002	2	1	2032	32	92	93
2/2/2002	2002	2	2	2033	33	97	99
2/3/2002	2002	2	3	2034	34	95	94
2/4/2002	2002	2	4	2035	35	94	93
2/5/2002	2002	2	5	2036	36	93	93
2/6/2002	2002	2	6	2037	37	95	95
2/7/2002	2002	2	7	2038	38	95	96
2/8/2002	2002	2	8	2039	39	93	94
2/9/2002	2002	2	9	2040	40	96	95
2/10/2002	2002	2	10	2041	41	92	92
2/11/2002	2002	2	11	2042	42	93	95
2/12/2002	2002	2	12	2043	43	99	92
2/13/2002	2002	2	13	2044	44	93	93
2/14/2002	2002	2	14	2045	45	92	97
2/15/2002	2002	2	15	2046	46	96	94
2/16/2002	2002	2	16	2047	47	93	94
2/17/2002	2002	2	17	2048	48	92	92
2/18/2002	2002	2	18	2049	49	95	95
2/19/2002	2002	2	19	2050	50	100	100
2/20/2002	2002	2	20	2051	51	100	100
2/21/2002	2002	2	21	2052	52	100	100
2/22/2002	2002	2	22	2053	53	98	99
2/23/2002	2002	2	23	2054	54	97	100
2/24/2002	2002	2	24	2055	55	98	98
2/25/2002	2002	2	25	2056	56	100	100
2/26/2002	2002	2	26	2057	57	100	100
2/27/2002	2002	2	27	2058	58	99	99
2/28/2002	2002	2	28	2059	59	100	100
3/1/2002	2002	3	1	2060	60	100	100
3/2/2002	2002	3	2	2061	61	100	100
3/3/2002	2002	3	3	2062	62	97	97
3/4/2002	2002	3	4	2063	63	100	100
3/5/2002	2002	3	5	2064	64	100	100
3/6/2002	2002	3	6	2065	65	100	100
3/7/2002	2002	3	7	2066	66	100	100
3/8/2002	2002	3	8	2067	67	100	100
3/9/2002	2002	3	9	2068	68	100	100
3/10/2002	2002	3	10	2069	69	100	100
3/11/2002	2002	3	11	2070	70	100	100
3/12/2002	2002	3	12	2071	71	100	100
3/13/2002	2002	3	13	2072	72	100	100
3/14/2002	2002	3	14	2073	73	96	97
3/15/2002	2002	3	15	2074	74	100	100
3/16/2002	2002	3	16	2075	75	100	100
3/17/2002	2002	3	17	2076	76	99	100
3/18/2002	2002	3	18	2077	77	94	95
3/19/2002	2002	3	19	2078	78	90	91
3/20/2002	2002	3	20	2079	79	91	91
3/21/2002	2002	3	21	2080	80	98	96
3/22/2002	2002	3	22	2081	81	94	95
3/23/2002	2002	3	23	2082	82	100	100
3/24/2002	2002	3	24	2083	83	100	100
3/25/2002	2002	3	25	2084	84	94	94
3/26/2002	2002	3	26	2085	85	94	94
3/27/2002	2002	3	27	2086	86	100	100
3/28/2002	2002	3	28	2087	87	100	100
3/29/2002	2002	3	29	2088	88	100	100
3/30/2002	2002	3	30	2089	89	100	100
3/31/2002	2002	3	31	2090	90	100	94
4/1/2002	2002	4	1	2091	91	93	93
4/2/2002	2002	4	2	2092	92	93	94
4/3/2002	2002	4	3	2093	93	95	95
4/4/2002	2002	4	4	2094	94	94	94
4/5/2002	2002	4	5	2095	95	96	96
4/6/2002	2002	4	6	2096	96	96	96
4/7/2002	2002	4	7	2097	97	96	96
4/8/2002	2002	4	8	2098	98	97	97
4/9/2002	2002	4	9	2099	99	96	96
4/10/2002	2002	4	10	2100	100	98	98
4/11/2002	2002	4	11	2101	101	99	99
4/12/2002	2002	4	12	2102	102	97	97
4/13/2002	2002	4	13	2103	103	97	97
4/14/2002	2002	4	14	2104	104	93	94
4/15/2002	2002	4	15	2105	105	93	92
4/16/2002	2002	4	16	2106	106	95	96
4/17/2002	2002	4	17	2107	107	100	100
4/18/2002	2002	4	18	2108	108	93	93
4/19/2002	2002	4	19	2109	109	95	94
4/20/2002	2002	4	20	2110	110	94	93
4/21/2002	2002	4	21	2111	111	92	92
4/22/2002	2002	4	22	2112	112	94	94
4/23/2002	2002	4	23	2113	113	96	96
4/24/2002	2002	4	24	2114	114	97	98
4/25/2002	2002	4	25	2115	115	98	98
4/26/2002	2002	4	26	2116	116	100	100
4/27/2002	2002	4	27	2117	117	94	94
4/28/2002	2002	4	28	2118	118	96	95
4/29/2002	2002	4	29	2119	119	100	100
4/30/2002	2002	4	30	2120	120	96	93
11/1/2002	2002	11	1	2305	305	0	0
11/2/2002	2002	11	2	2306	306	0	0
11/3/2002	2002	11	3	2307	307	0	0
11/4/2002	2002	11	4	2308	308	0	0
11/5/2002	2002	11	5	2309	309	0	0
11/6/2002	2002	11	6	2310	310	0	0
11/7/2002	2002	11	7	2311	311	0	0
11/8/2002	2002	11	8	2312	312	0	0
11/9/2002	2002	11	9	2313	313	0	0
11/10/2002	2002	11	10	2314	314	0	0
11/11/2002	2002	11	11	2315	315	0	0
11/12/2002	2002	11	12	2316	316	0	0
11/13/2002	2002	11	13	2317	317	0	0
11/14/2002	2002	11	14	2318	318	0	0
11/15/2002	2002	11	15	2319	319	0	0
11/16/2002	2002	11	16	2320	320	0	0
11/17/2002	2002	11	17	2321	321	0	0
11/18/2002	2002	11	18	2322	322	0	0
11/19/2002	2002	11	19	2323	323	0	0
11/20/2002	2002	11	20	2324	324	0	0
11/21/2002	2002	11	21	2325	325	0	0
11/22/2002	2002	11	22	2326	326	0	0
11/23/2002	2002	11	23	2327	327	0	0
11/24/2002	2002	11	24	2328	328	0	0
11/25/2002	2002	11	25	2329	329	0	0
11/26/2002	2002	11	26	2330	330	0	0
11/27/2002	2002	11	27	2331	331	0	0
11/28/2002	2002	11	28	2332	332	0	0
11/29/2002	2002	11	29	2333	333	0	0
11/30/2002	2002	11	30	2334	334	0	0
12/1/2002	2002	12	1	2335	335	0	0
12/2/2002	2002	12	2	2336	336	0	0
12/3/2002	2002	12	3	2337	337	0	0
12/4/2002	2002	12	4	2338	338	0	0
12/5/2002	2002	12	5	2339	339	0	0
12/6/2002	2002	12	6	2340	340	0	0
12/7/2002	2002	12	7	2341	341	0	0
12/8/2002	2002	12	8	2342	342	0	0
12/9/2002	2002	12	9	2343	343	0	0
12/10/2002	2002	12	10	2344	344	0	0
12/11/2002	2002	12	11	2345	345	0	0
12/12/2002	2002	12	12	2346	346	0	0
12/13/2002	2002	12	13	2347	347	0	0
12/14/2002	2002	12	14	2348	348	0	0
12/15/2002	2002	12	15	2349	349	0	0
12/16/2002	2002	12	16	2350	350	0	0
12/17/2002	2002	12	17	2351	351	0	0
12/18/2002	2002	12	18	2352	352	0	0
12/19/2002	2002	12	19	2353	353	0	0
12/20/2002	2002	12	20	2354	354	0	0
12/21/2002	2002	12	21	2355	355	0	0
12/22/2002	2002	12	22	2356	356	0	0
12/23/2002	2002	12	23	2357	357	0	0
12/24/2002	2002	12	24	2358	358	0	0
12/25/2002	2002	12	25	2359	359	0	0
12/26/2002	2002	12	26	2360	360	0	0
12/27/2002	2002	12	27	2361	361	0	0
12/28/2002	2002	12	28	2362	362	0	0
12/29/2002	2002	12	29	2363	363	0	0
12/30/2002	2002	12	30	2364	364	0	0
12/31/2002	2002	12	31	2365	365	0	0
1/1/2003	2003	1	1	3001	1	0	0
1/2/2003	2003	1	2	3002	2	0	0
1/3/2003	2003	1	3	3003	3	0	0
1/4/2003	2003	1	4	3004	4	0	0
1/5/2003	2003	1	5	3005	5	0	0
1/6/2003	2003	1	6	3006	6	0	0
1/7/2003	2003	1	7	3007	7	0	0
1/8/2003	2003	1	8	3008	8	22	0
1/9/2003	2003	1	9	3009	9	32	0
1/10/2003	2003	1	10	3010	10	29	0
1/11/2003	2003	1	11	3011	11	0	0
1/12/2003	2003	1	12	3012	12	0	0
1/13/2003	2003	1	13	3013	13	30	0
1/14/2003	2003	1	14	3014	14	32	26
1/15/2003	2003	1	15	3015	15	63	38
1/16/2003	2003	1	16	3016	16	58	43
1/17/2003	2003	1	17	3017	17	63	43
1/18/2003	2003	1	18	3018	18	63	51
1/19/2003	2003	1	19	3019	19	56	51
1/20/2003	2003	1	20	3020	20	58	50
1/21/2003	2003	1	21	3021	21	67	48
1/22/2003	2003	1	22	3022	22	72	55
1/23/2003	2003	1	23	3023	23	63	57
1/24/2003	2003	1	24	3024	24	61	58
1/25/2003	2003	1	25	3025	25	72	65
1/26/2003	2003	1	26	3026	26	88	83
1/27/2003	2003	1	27	3027	27	87	82
1/28/2003	2003	1	28	3028	28	86	87
1/29/2003	2003	1	29	3029	29	85	83
1/30/2003	2003	1	30	3030	30	87	85
1/31/2003	2003	1	31	3031	31	86	87
2/1/2003	2003	2	1	3032	32	87	86
2/2/2003	2003	2	2	3033	33	86	85
2/3/2003	2003	2	3	3034	34	87	85
2/4/2003	2003	2	4	3035	35	87	87
2/5/2003	2003	2	5	3036	36	93	93
2/6/2003	2003	2	6	3037	37	100	100
2/7/2003	2003	2	7	3038	38	98	95
2/8/2003	2003	2	8	3039	39	96	97
2/9/2003	2003	2	9	3040	40	93	93
2/10/2003	2003	2	10	3041	41	96	96
2/11/2003	2003	2	11	3042	42	92	92
2/12/2003	2003	2	12	3043	43	96	96
2/13/2003	2003	2	13	3044	44	93	93
2/14/2003	2003	2	14	3045	45	93	94
2/15/2003	2003	2	15	3046	46	94	97
2/16/2003	2003	2	16	3047	47	94	95
2/17/2003	2003	2	17	3048	48	92	94
2/18/2003	2003	2	18	3049	49	99	98
2/19/2003	2003	2	19	3050	50	100	100
2/20/2003	2003	2	20	3051	51	96	96
2/21/2003	2003	2	21	3052	52	95	95
2/22/2003	2003	2	22	3053	53	98	94
2/23/2003	2003	2	23	3054	54	94	92
2/24/2003	2003	2	24	3055	55	92	92
2/25/2003	2003	2	25	3056	56	92	95
2/26/2003	2003	2	26	3057	57	93	94
2/27/2003	2003	2	27	3058	58	93	93
2/28/2003	2003	2	28	3059	59	95	95
3/1/2003	2003	3	1	3060	60	94	93
3/2/2003	2003	3	2	3061	61	95	97
3/3/2003	2003	3	3	3062	62	96	97
3/4/2003	2003	3	4	3063	63	100	100
3/5/2003	2003	3	5	3064	64	100	100
3/6/2003	2003	3	6	3065	65	100	100
3/7/2003	2003	3	7	3066	66	99	99
3/8/2003	2003	3	8	3067	67	99	99
3/9/2003	2003	3	9	3068	68	99	99
3/10/2003	2003	3	10	3069	69	99	100
3/11/2003	2003	3	11	3070	70	100	98
3/12/2003	2003	3	12	3071	71	97	97
3/13/2003	2003	3	13	3072	72	97	97
3/14/2003	2003	3	14	3073	73	100	97
3/15/2003	2003	3	15	3074	74	100	96
3/16/2003	2003	3	16	3075	75	100	100
3/17/2003	2003	3	17	3076	76	100	100
3/18/2003	2003	3	18	3077	77	98	98
3/19/2003	2003	3	19	3078	78	98	99
3/20/2003	2003	3	20	3079	79	96	94
3/21/2003	2003	3	21	3080	80	97	96
3/22/2003	2003	3	22	3081	81	96	96
3/23/2003	2003	3	23	3082	82	98	93
3/24/2003	2003	3	24	3083	83	97	99
3/25/2003	2003	3	25	3084	84	100	100
3/26/2003	2003	3	26	3085	85	97	97
3/27/2003	2003	3	27	3086	86	98	97
3/28/2003	2003	3	28	3087	87	95	94
3/29/2003	2003	3	29	3088	88	94	93
3/30/2003	2003	3	30	3089	89	95	94
3/31/2003	2003	3	31	3090	90	97	98
4/1/2003	2003	4	1	3091	91	96	99
4/2/2003	2003	4	2	3092	92	93	96
4/3/2003	2003	4	3	3093	93	96	96
4/4/2003	2003	4	4	3094	94	93	98
4/5/2003	2003	4	5	3095	95	93	93
4/6/2003	2003	4	6	3096	96	98	94
4/7/2003	2003	4	7	3097	97	93	93
4/8/2003	2003	4	8	3098	98	93	93
4/9/2003	2003	4	9	3099	99	100	100
4/10/2003	2003	4	10	3100	100	100	99
4/11/2003	2003	4	11	3101	101	96	96
4/12/2003	2003	4	12	3102	102	92	92
4/13/2003	2003	4	13	3103	103	92	93
4/14/2003	2003	4	14	3104	104	89	90
4/15/2003	2003	4	15	3105	105	90	91
4/16/2003	2003	4	16	3106	106	87	91
4/17/2003	2003	4	17	3107	107	93	94
4/18/2003	2003	4	18	3108	108	97	96
4/19/2003	2003	4	19	3109	109	100	100
4/20/2003	2003	4	20	3110	110	92	93
4/21/2003	2003	4	21	3111	111	79	80
4/22/2003	2003	4	22	3112	112	71	72
4/23/2003	2003	4	23	3113	113	72	73
4/24/2003	2003	4	24	3114	114	51	52
4/25/2003	2003	4	25	3115	115	44	46
4/26/2003	2003	4	26	3116	116	23	26
4/27/2003	2003	4	27	3117	117	0	0
4/28/2003	2003	4	28	3118	118	0	0
4/29/2003	2003	4	29	3119	119	0	0
4/30/2003	2003	4	30	3120	120	0	0
11/1/2003	2003	11	1	3305	305	0	0
11/2/2003	2003	11	2	3306	306	0	0
11/3/2003	2003	11	3	3307	307	0	0
11/4/2003	2003	11	4	3308	308	0	0
11/5/2003	2003	11	5	3309	309	0	0
11/6/2003	2003	11	6	3310	310	0	0
11/7/2003	2003	11	7	3311	311	0	0
11/8/2003	2003	11	8	3312	312	0	0
11/9/2003	2003	11	9	3313	313	0	0
11/10/2003	2003	11	10	3314	314	0	0
11/11/2003	2003	11	11	3315	315	0	0
11/12/2003	2003	11	12	3316	316	0	0
11/13/2003	2003	11	13	3317	317	0	0
11/14/2003	2003	11	14	3318	318	0	0
11/15/2003	2003	11	15	3319	319	0	0
11/16/2003	2003	11	16	3320	320	0	0
11/17/2003	2003	11	17	3321	321	0	0
11/18/2003	2003	11	18	3322	322	0	0
11/19/2003	2003	11	19	3323	323	0	0
11/20/2003	2003	11	20	3324	324	0	0
11/21/2003	2003	11	21	3325	325	0	0
11/22/2003	2003	11	22	3326	326	0	0
11/23/2003	2003	11	23	3327	327	0	0
11/24/2003	2003	11	24	3328	328	0	0
11/25/2003	2003	11	25	3329	329	0	0
11/26/2003	2003	11	26	3330	330	0	0
11/27/2003	2003	11	27	3331	331	0	0
11/28/2003	2003	11	28	3332	332	0	0
11/29/2003	2003	11	29	3333	333	0	0
11/30/2003	2003	11	30	3334	334	0	0
12/1/2003	2003	12	1	3335	335	0	0
12/2/2003	2003	12	2	3336	336	0	0
12/3/2003	2003	12	3	3337	337	0	0
12/4/2003	2003	12	4	3338	338	0	0
12/5/2003	2003	12	5	3339	339	0	0
12/6/2003	2003	12	6	3340	340	0	0
12/7/2003	2003	12	7	3341	341	0	0
12/8/2003	2003	12	8	3342	342	0	0
12/9/2003	2003	12	9	3343	343	0	0
12/10/2003	2003	12	10	3344	344	0	0
12/11/2003	2003	12	11	3345	345	0	0
12/12/2003	2003	12	12	3346	346	0	0
12/13/2003	2003	12	13	3347	347	0	0
12/14/2003	2003	12	14	3348	348	0	0
12/15/2003	2003	12	15	3349	349	0	0
12/16/2003	2003	12	16	3350	350	0	0
12/17/2003	2003	12	17	3351	351	0	0
12/18/2003	2003	12	18	3352	352	0	0
12/19/2003	2003	12	19	3353	353	0	0
12/20/2003	2003	12	20	3354	354	0	0
12/21/2003	2003	12	21	3355	355	0	0
12/22/2003	2003	12	22	3356	356	0	0
12/23/2003	2003	12	23	3357	357	0	0
12/24/2003	2003	12	24	3358	358	0	0
12/25/2003	2003	12	25	3359	359	0	0
12/26/2003	2003	12	26	3360	360	0	0
12/27/2003	2003	12	27	3361	361	0	0
12/28/2003	2003	12	28	3362	362	0	0
12/29/2003	2003	12	29	3363	363	0	0
12/30/2003	2003	12	30	3364	364	0	0
12/31/2003	2003	12	31	3365	365	0	0
1/1/2004	2004	1	1	4001	1	0	0
1/2/2004	2004	1	2	4002	2	0	0
1/3/2004	2004	1	3	4003	3	0	0
1/4/2004	2004	1	4	4004	4	0	0
1/5/2004	2004	1	5	4005	5	0	0
1/6/2004	2004	1	6	4006	6	0	0
1/7/2004	2004	1	7	4007	7	0	0
1/8/2004	2004	1	8	4008	8	0	0
1/9/2004	2004	1	9	4009	9	0	0
1/10/2004	2004	1	10	4010	10	0	0
1/11/2004	2004	1	11	4011	11	0	0
1/12/2004	2004	1	12	4012	12	0	0
1/13/2004	2004	1	13	4013	13	0	0
1/14/2004	2004	1	14	4014	14	40	27
1/15/2004	2004	1	15	4015	15	49	26
1/16/2004	2004	1	16	4016	16	54	20
1/17/2004	2004	1	17	4017	17	68	39
1/18/2004	2004	1	18	4018	18	75	53
1/19/2004	2004	1	19	4019	19	69	65
1/20/2004	2004	1	20	4020	20	69	69
1/21/2004	2004	1	21	4021	21	72	72
1/22/2004	2004	1	22	4022	22	69	68
1/23/2004	2004	1	23	4023	23	72	68
1/24/2004	2004	1	24	4024	24	54	44
1/25/2004	2004	1	25	4025	25	62	53
1/26/2004	2004	1	26	4026	26	71	57
1/27/2004	2004	1	27	4027	27	69	68
1/28/2004	2004	1	28	4028	28	69	68
1/29/2004	2004	1	29	4029	29	91	77
1/30/2004	2004	1	30	4030	30	94	87
1/31/2004	2004	1	31	4031	31	93	92
2/1/2004	2004	2	1	4032	32	92	92
2/2/2004	2004	2	2	4033	33	95	95
2/3/2004	2004	2	3	4034	34	92	93
2/4/2004	2004	2	4	4035	35	93	93
2/5/2004	2004	2	5	4036	36	95	95
2/6/2004	2004	2	6	4037	37	95	97
2/7/2004	2004	2	7	4038	38	98	97
2/8/2004	2004	2	8	4039	39	93	93
2/9/2004	2004	2	9	4040	40	92	92
2/10/2004	2004	2	10	4041	41	93	93
2/11/2004	2004	2	11	4042	42	94	88
2/12/2004	2004	2	12	4043	43	93	96
2/13/2004	2004	2	13	4044	44	93	93
2/14/2004	2004	2	14	4045	45	88	88
2/15/2004	2004	2	15	4046	46	88	88
2/16/2004	2004	2	16	4047	47	92	93
2/17/2004	2004	2	17	4048	48	97	95
2/18/2004	2004	2	18	4049	49	100	100
2/19/2004	2004	2	19	4050	50	96	96
2/20/2004	2004	2	20	4051	51	92	93
2/21/2004	2004	2	21	4052	52	100	100
2/22/2004	2004	2	22	4053	53	95	96
2/23/2004	2004	2	23	4054	54	100	100
2/24/2004	2004	2	24	4055	55	100	99
2/25/2004	2004	2	25	4056	56	100	100
2/26/2004	2004	2	26	4057	57	93	93
2/27/2004	2004	2	27	4058	58	93	94
2/28/2004	2004	2	28	4059	59	100	97
2/29/2004	2004	2	29	4060	60	NA	95
3/1/2004	2004	3	1	4061	61	96	97
3/2/2004	2004	3	2	4062	62	99	99
3/3/2004	2004	3	3	4063	63	96	96
3/4/2004	2004	3	4	4064	64	100	100
3/5/2004	2004	3	5	4065	65	95	95
3/6/2004	2004	3	6	4066	66	95	95
3/7/2004	2004	3	7	4067	67	100	100
3/8/2004	2004	3	8	4068	68	100	100
3/9/2004	2004	3	9	4069	69	100	100
3/10/2004	2004	3	10	4070	70	100	100
3/11/2004	2004	3	11	4071	71	98	97
3/12/2004	2004	3	12	4072	72	99	99
3/13/2004	2004	3	13	4073	73	94	97
3/14/2004	2004	3	14	4074	74	94	94
3/15/2004	2004	3	15	4075	75	100	98
3/16/2004	2004	3	16	4076	76	100	100
3/17/2004	2004	3	17	4077	77	100	100
3/18/2004	2004	3	18	4078	78	100	100
3/19/2004	2004	3	19	4079	79	100	100
3/20/2004	2004	3	20	4080	80	100	100
3/21/2004	2004	3	21	4081	81	100	100
3/22/2004	2004	3	22	4082	82	100	100
3/23/2004	2004	3	23	4083	83	100	100
3/24/2004	2004	3	24	4084	84	97	97
3/25/2004	2004	3	25	4085	85	98	98
3/26/2004	2004	3	26	4086	86	96	96
3/27/2004	2004	3	27	4087	87	99	99
3/28/2004	2004	3	28	4088	88	98	98
3/29/2004	2004	3	29	4089	89	93	97
3/30/2004	2004	3	30	4090	90	95	96
3/31/2004	2004	3	31	4091	91	96	95
4/1/2004	2004	4	1	4092	92	93	93
4/2/2004	2004	4	2	4093	93	93	93
4/3/2004	2004	4	3	4094	94	93	94
4/4/2004	2004	4	4	4095	95	92	92
4/5/2004	2004	4	5	4096	96	91	92
4/6/2004	2004	4	6	4097	97	95	95
4/7/2004	2004	4	7	4098	98	100	100
4/8/2004	2004	4	8	4099	99	95	95
4/9/2004	2004	4	9	4100	100	94	94
4/10/2004	2004	4	10	4101	101	92	94
4/11/2004	2004	4	11	4102	102	86	86
4/12/2004	2004	4	12	4103	103	79	82
4/13/2004	2004	4	13	4104	104	65	67
4/14/2004	2004	4	14	4105	105	60	62
4/15/2004	2004	4	15	4106	106	50	51
4/16/2004	2004	4	16	4107	107	40	42
4/17/2004	2004	4	17	4108	108	57	58
4/18/2004	2004	4	18	4109	109	46	47
4/19/2004	2004	4	19	4110	110	38	40
4/20/2004	2004	4	20	4111	111	32	33
4/21/2004	2004	4	21	4112	112	38	39
4/22/2004	2004	4	22	4113	113	39	40
4/23/2004	2004	4	23	4114	114	42	44
4/24/2004	2004	4	24	4115	115	43	45
4/25/2004	2004	4	25	4116	116	51	53
4/26/2004	2004	4	26	4117	117	53	55
4/27/2004	2004	4	27	4118	118	50	49
4/28/2004	2004	4	28	4119	119	42	46
4/29/2004	2004	4	29	4120	120	42	48
4/30/2004	2004	4	30	4121	121	34	38
11/1/2004	2004	11	1	4306	306	0	0
11/2/2004	2004	11	2	4307	307	0	0
11/3/2004	2004	11	3	4308	308	0	0
11/4/2004	2004	11	4	4309	309	0	0
11/5/2004	2004	11	5	4310	310	0	0
11/6/2004	2004	11	6	4311	311	0	0
11/7/2004	2004	11	7	4312	312	0	0
11/8/2004	2004	11	8	4313	313	0	0
11/9/2004	2004	11	9	4314	314	0	0
11/10/2004	2004	11	10	4315	315	0	0
11/11/2004	2004	11	11	4316	316	0	0
11/12/2004	2004	11	12	4317	317	0	0
11/13/2004	2004	11	13	4318	318	0	0
11/14/2004	2004	11	14	4319	319	0	0
11/15/2004	2004	11	15	4320	320	0	0
11/16/2004	2004	11	16	4321	321	0	0
11/17/2004	2004	11	17	4322	322	0	0
11/18/2004	2004	11	18	4323	323	0	0
11/19/2004	2004	11	19	4324	324	0	0
11/20/2004	2004	11	20	4325	325	0	0
11/21/2004	2004	11	21	4326	326	0	0
11/22/2004	2004	11	22	4327	327	0	0
11/23/2004	2004	11	23	4328	328	0	0
11/24/2004	2004	11	24	4329	329	0	0
11/25/2004	2004	11	25	4330	330	0	0
11/26/2004	2004	11	26	4331	331	0	0
11/27/2004	2004	11	27	4332	332	0	0
11/28/2004	2004	11	28	4333	333	0	0
11/29/2004	2004	11	29	4334	334	0	0
11/30/2004	2004	11	30	4335	335	0	0
12/1/2004	2004	12	1	4336	336	0	0
12/2/2004	2004	12	2	4337	337	0	0
12/3/2004	2004	12	3	4338	338	0	0
12/4/2004	2004	12	4	4339	339	0	0
12/5/2004	2004	12	5	4340	340	0	0
12/6/2004	2004	12	6	4341	341	0	0
12/7/2004	2004	12	7	4342	342	0	0
12/8/2004	2004	12	8	4343	343	0	0
12/9/2004	2004	12	9	4344	344	0	0
12/10/2004	2004	12	10	4345	345	0	0
12/11/2004	2004	12	11	4346	346	0	0
12/12/2004	2004	12	12	4347	347	0	0
12/13/2004	2004	12	13	4348	348	0	0
12/14/2004	2004	12	14	4349	349	0	0
12/15/2004	2004	12	15	4350	350	0	0
12/16/2004	2004	12	16	4351	351	0	19
12/17/2004	2004	12	17	4352	352	0	21
12/18/2004	2004	12	18	4353	353	29	31
12/19/2004	2004	12	19	4354	354	62	54
12/20/2004	2004	12	20	4355	355	69	64
12/21/2004	2004	12	21	4356	356	70	68
12/22/2004	2004	12	22	4357	357	83	83
12/23/2004	2004	12	23	4358	358	91	91
12/24/2004	2004	12	24	4359	359	97	96
12/25/2004	2004	12	25	4360	360	65	61
12/26/2004	2004	12	26	4361	361	55	50
12/27/2004	2004	12	27	4362	362	47	48
12/28/2004	2004	12	28	4363	363	67	59
12/29/2004	2004	12	29	4364	364	35	27
12/30/2004	2004	12	30	4365	365	0	0
12/31/2004	2004	12	31	4366	366	0	0
1/1/2005	2005	1	1	5001	1	0	0
1/2/2005	2005	1	2	5002	2	0	0
1/3/2005	2005	1	3	5003	3	0	0
1/4/2005	2005	1	4	5004	4	0	0
1/5/2005	2005	1	5	5005	5	0	0
1/6/2005	2005	1	6	5006	6	0	0
1/7/2005	2005	1	7	5007	7	0	0
1/8/2005	2005	1	8	5008	8	0	0
1/9/2005	2005	1	9	5009	9	0	0
1/10/2005	2005	1	10	5010	10	24	22
1/11/2005	2005	1	11	5011	11	37	26
1/12/2005	2005	1	12	5012	12	34	24
1/13/2005	2005	1	13	5013	13	46	32
1/14/2005	2005	1	14	5014	14	39	37
1/15/2005	2005	1	15	5015	15	40	29
1/16/2005	2005	1	16	5016	16	0	0
1/17/2005	2005	1	17	5017	17	0	0
1/18/2005	2005	1	18	5018	18	0	0
1/19/2005	2005	1	19	5019	19	0	0
1/20/2005	2005	1	20	5020	20	16	13
1/21/2005	2005	1	21	5021	21	0	35
1/22/2005	2005	1	22	5022	22	37	41
1/23/2005	2005	1	23	5023	23	53	49
1/24/2005	2005	1	24	5024	24	56	43
1/25/2005	2005	1	25	5025	25	54	46
1/26/2005	2005	1	26	5026	26	38	37
1/27/2005	2005	1	27	5027	27	35	32
1/28/2005	2005	1	28	5028	28	56	55
1/29/2005	2005	1	29	5029	29	75	73
1/30/2005	2005	1	30	5030	30	81	73
1/31/2005	2005	1	31	5031	31	94	88
2/1/2005	2005	2	1	5032	32	98	89
2/2/2005	2005	2	2	5033	33	98	95
2/3/2005	2005	2	3	5034	34	96	92
2/4/2005	2005	2	4	5035	35	97	95
2/5/2005	2005	2	5	5036	36	97	98
2/6/2005	2005	2	6	5037	37	96	96
2/7/2005	2005	2	7	5038	38	91	91
2/8/2005	2005	2	8	5039	39	93	93
2/9/2005	2005	2	9	5040	40	92	90
2/10/2005	2005	2	10	5041	41	91	92
2/11/2005	2005	2	11	5042	42	93	93
2/12/2005	2005	2	12	5043	43	97	95
2/13/2005	2005	2	13	5044	44	99	96
2/14/2005	2005	2	14	5045	45	98	93
2/15/2005	2005	2	15	5046	46	95	95
2/16/2005	2005	2	16	5047	47	94	94
2/17/2005	2005	2	17	5048	48	93	92
2/18/2005	2005	2	18	5049	49	92	93
2/19/2005	2005	2	19	5050	50	93	92
2/20/2005	2005	2	20	5051	51	90	87
2/21/2005	2005	2	21	5052	52	90	86
2/22/2005	2005	2	22	5053	53	93	92
2/23/2005	2005	2	23	5054	54	97	96
2/24/2005	2005	2	24	5055	55	98	94
2/25/2005	2005	2	25	5056	56	100	100
2/26/2005	2005	2	26	5057	57	100	100
2/27/2005	2005	2	27	5058	58	97	97
2/28/2005	2005	2	28	5059	59	94	94
3/1/2005	2005	3	1	5060	60	95	93
3/2/2005	2005	3	2	5061	61	95	95
3/3/2005	2005	3	3	5062	62	95	96
3/4/2005	2005	3	4	5063	63	100	98
3/5/2005	2005	3	5	5064	64	96	99
3/6/2005	2005	3	6	5065	65	100	100
3/7/2005	2005	3	7	5066	66	99	99
3/8/2005	2005	3	8	5067	67	96	96
3/9/2005	2005	3	9	5068	68	92	92
3/10/2005	2005	3	10	5069	69	91	91
3/11/2005	2005	3	11	5070	70	93	94
3/12/2005	2005	3	12	5071	71	100	100
3/13/2005	2005	3	13	5072	72	97	97
3/14/2005	2005	3	14	5073	73	95	93
3/15/2005	2005	3	15	5074	74	95	95
3/16/2005	2005	3	16	5075	75	93	92
3/17/2005	2005	3	17	5076	76	94	94
3/18/2005	2005	3	18	5077	77	95	94
3/19/2005	2005	3	19	5078	78	88	94
3/20/2005	2005	3	20	5079	79	90	81
3/21/2005	2005	3	21	5080	80	100	93
3/22/2005	2005	3	22	5081	81	100	99
3/23/2005	2005	3	23	5082	82	97	97
3/24/2005	2005	3	24	5083	83	93	94
3/25/2005	2005	3	25	5084	84	93	93
3/26/2005	2005	3	26	5085	85	94	96
3/27/2005	2005	3	27	5086	86	92	92
3/28/2005	2005	3	28	5087	87	93	93
3/29/2005	2005	3	29	5088	88	91	92
3/30/2005	2005	3	30	5089	89	93	93
3/31/2005	2005	3	31	5090	90	93	94
4/1/2005	2005	4	1	5091	91	92	93
4/2/2005	2005	4	2	5092	92	91	91
4/3/2005	2005	4	3	5093	93	90	90
4/4/2005	2005	4	4	5094	94	92	93
4/5/2005	2005	4	5	5095	95	94	94
4/6/2005	2005	4	6	5096	96	98	98
4/7/2005	2005	4	7	5097	97	97	97
4/8/2005	2005	4	8	5098	98	100	100
4/9/2005	2005	4	9	5099	99	100	100
4/10/2005	2005	4	10	5100	100	100	100
4/11/2005	2005	4	11	5101	101	100	100
4/12/2005	2005	4	12	5102	102	100	100
4/13/2005	2005	4	13	5103	103	100	100
4/14/2005	2005	4	14	5104	104	100	100
4/15/2005	2005	4	15	5105	105	99	99
4/16/2005	2005	4	16	5106	106	95	95
4/17/2005	2005	4	17	5107	107	95	95
4/18/2005	2005	4	18	5108	108	88	89
4/19/2005	2005	4	19	5109	109	85	85
4/20/2005	2005	4	20	5110	110	91	91
4/21/2005	2005	4	21	5111	111	99	99
4/22/2005	2005	4	22	5112	112	81	82
4/23/2005	2005	4	23	5113	113	82	91
4/24/2005	2005	4	24	5114	114	73	74
4/25/2005	2005	4	25	5115	115	38	40
4/26/2005	2005	4	26	5116	116	32	34
4/27/2005	2005	4	27	5117	117	0	0
4/28/2005	2005	4	28	5118	118	0	0
4/29/2005	2005	4	29	5119	119	0	0
4/30/2005	2005	4	30	5120	120	0	0
11/1/2005	2005	11	1	5305	305	0	0
11/2/2005	2005	11	2	5306	306	0	0
11/3/2005	2005	11	3	5307	307	0	0
11/4/2005	2005	11	4	5308	308	0	0
11/5/2005	2005	11	5	5309	309	0	0
11/6/2005	2005	11	6	5310	310	0	0
11/7/2005	2005	11	7	5311	311	0	0
11/8/2005	2005	11	8	5312	312	0	0
11/9/2005	2005	11	9	5313	313	0	0
11/10/2005	2005	11	10	5314	314	0	0
11/11/2005	2005	11	11	5315	315	0	0
11/12/2005	2005	11	12	5316	316	0	0
11/13/2005	2005	11	13	5317	317	0	0
11/14/2005	2005	11	14	5318	318	0	0
11/15/2005	2005	11	15	5319	319	0	0
11/16/2005	2005	11	16	5320	320	0	0
11/17/2005	2005	11	17	5321	321	0	0
11/18/2005	2005	11	18	5322	322	0	0
11/19/2005	2005	11	19	5323	323	0	0
11/20/2005	2005	11	20	5324	324	0	0
11/21/2005	2005	11	21	5325	325	0	0
11/22/2005	2005	11	22	5326	326	0	0
11/23/2005	2005	11	23	5327	327	0	0
11/24/2005	2005	11	24	5328	328	0	0
11/25/2005	2005	11	25	5329	329	0	0
11/26/2005	2005	11	26	5330	330	0	0
11/27/2005	2005	11	27	5331	331	0	0
11/28/2005	2005	11	28	5332	332	0	0
11/29/2005	2005	11	29	5333	333	0	0
11/30/2005	2005	11	30	5334	334	0	0
12/1/2005	2005	12	1	5335	335	0	0
12/2/2005	2005	12	2	5336	336	0	0
12/3/2005	2005	12	3	5337	337	0	0
12/4/2005	2005	12	4	5338	338	20	0
12/5/2005	2005	12	5	5339	339	32	21
12/6/2005	2005	12	6	5340	340	58	39
12/7/2005	2005	12	7	5341	341	45	53
12/8/2005	2005	12	8	5342	342	75	69
12/9/2005	2005	12	9	5343	343	76	74
12/10/2005	2005	12	10	5344	344	85	80
12/11/2005	2005	12	11	5345	345	94	94
12/12/2005	2005	12	12	5346	346	93	89
12/13/2005	2005	12	13	5347	347	97	98
12/14/2005	2005	12	14	5348	348	91	81
12/15/2005	2005	12	15	5349	349	86	83
12/16/2005	2005	12	16	5350	350	87	88
12/17/2005	2005	12	17	5351	351	95	97
12/18/2005	2005	12	18	5352	352	99	96
12/19/2005	2005	12	19	5353	353	100	97
12/20/2005	2005	12	20	5354	354	93	92
12/21/2005	2005	12	21	5355	355	95	95
12/22/2005	2005	12	22	5356	356	94	92
12/23/2005	2005	12	23	5357	357	99	96
12/24/2005	2005	12	24	5358	358	100	100
12/25/2005	2005	12	25	5359	359	100	97
12/26/2005	2005	12	26	5360	360	97	97
12/27/2005	2005	12	27	5361	361	95	94
12/28/2005	2005	12	28	5362	362	98	100
12/29/2005	2005	12	29	5363	363	97	99
12/30/2005	2005	12	30	5364	364	98	97
12/31/2005	2005	12	31	5365	365	100	100
1/1/2006	2006	1	1	6001	1	100	100
1/2/2006	2006	1	2	6002	2	99	99
1/3/2006	2006	1	3	6003	3	94	94
1/4/2006	2006	1	4	6004	4	94	95
1/5/2006	2006	1	5	6005	5	94	94
1/6/2006	2006	1	6	6006	6	98	98
1/7/2006	2006	1	7	6007	7	100	100
1/8/2006	2006	1	8	6008	8	98	99
1/9/2006	2006	1	9	6009	9	100	100
1/10/2006	2006	1	10	6010	10	97	98
1/11/2006	2006	1	11	6011	11	96	96
1/12/2006	2006	1	12	6012	12	96	97
1/13/2006	2006	1	13	6013	13	99	98
1/14/2006	2006	1	14	6014	14	93	93
1/15/2006	2006	1	15	6015	15	96	98
1/16/2006	2006	1	16	6016	16	94	96
1/17/2006	2006	1	17	6017	17	97	97
1/18/2006	2006	1	18	6018	18	100	100
1/19/2006	2006	1	19	6019	19	100	100
1/20/2006	2006	1	20	6020	20	100	100
1/21/2006	2006	1	21	6021	21	100	100
1/22/2006	2006	1	22	6022	22	100	100
1/23/2006	2006	1	23	6023	23	100	100
1/24/2006	2006	1	24	6024	24	98	98
1/25/2006	2006	1	25	6025	25	98	98
1/26/2006	2006	1	26	6026	26	100	100
1/27/2006	2006	1	27	6027	27	99	99
1/28/2006	2006	1	28	6028	28	100	100
1/29/2006	2006	1	29	6029	29	96	96
1/30/2006	2006	1	30	6030	30	100	100
1/31/2006	2006	1	31	6031	31	98	98
2/1/2006	2006	2	1	6032	32	97	98
2/2/2006	2006	2	2	6033	33	100	100
2/3/2006	2006	2	3	6034	34	100	100
2/4/2006	2006	2	4	6035	35	100	100
2/5/2006	2006	2	5	6036	36	100	100
2/6/2006	2006	2	6	6037	37	93	98
2/7/2006	2006	2	7	6038	38	95	95
2/8/2006	2006	2	8	6039	39	97	97
2/9/2006	2006	2	9	6040	40	97	99
2/10/2006	2006	2	10	6041	41	99	99
2/11/2006	2006	2	11	6042	42	99	99
2/12/2006	2006	2	12	6043	43	97	97
2/13/2006	2006	2	13	6044	44	98	98
2/14/2006	2006	2	14	6045	45	100	100
2/15/2006	2006	2	15	6046	46	100	100
2/16/2006	2006	2	16	6047	47	100	100
2/17/2006	2006	2	17	6048	48	100	100
2/18/2006	2006	2	18	6049	49	100	100
2/19/2006	2006	2	19	6050	50	100	100
2/20/2006	2006	2	20	6051	51	100	100
2/21/2006	2006	2	21	6052	52	100	100
2/22/2006	2006	2	22	6053	53	100	100
2/23/2006	2006	2	23	6054	54	100	100
2/24/2006	2006	2	24	6055	55	92	95
2/25/2006	2006	2	25	6056	56	92	92
2/26/2006	2006	2	26	6057	57	100	100
2/27/2006	2006	2	27	6058	58	100	100
2/28/2006	2006	2	28	6059	59	100	100
3/1/2006	2006	3	1	6060	60	100	93
3/2/2006	2006	3	2	6061	61	94	93
3/3/2006	2006	3	3	6062	62	95	93
3/4/2006	2006	3	4	6063	63	100	93
3/5/2006	2006	3	5	6064	64	100	100
3/6/2006	2006	3	6	6065	65	94	94
3/7/2006	2006	3	7	6066	66	93	93
3/8/2006	2006	3	8	6067	67	93	93
3/9/2006	2006	3	9	6068	68	95	94
3/10/2006	2006	3	10	6069	69	95	95
3/11/2006	2006	3	11	6070	70	96	96
3/12/2006	2006	3	12	6071	71	93	94
3/13/2006	2006	3	13	6072	72	95	98
3/14/2006	2006	3	14	6073	73	94	99
3/15/2006	2006	3	15	6074	74	93	93
3/16/2006	2006	3	16	6075	75	93	93
3/17/2006	2006	3	17	6076	76	100	100
3/18/2006	2006	3	18	6077	77	100	100
3/19/2006	2006	3	19	6078	78	97	97
3/20/2006	2006	3	20	6079	79	92	92
3/21/2006	2006	3	21	6080	80	92	92
3/22/2006	2006	3	22	6081	81	92	93
3/23/2006	2006	3	23	6082	82	95	95
3/24/2006	2006	3	24	6083	83	100	99
3/25/2006	2006	3	25	6084	84	100	98
3/26/2006	2006	3	26	6085	85	99	96
3/27/2006	2006	3	27	6086	86	93	92
3/28/2006	2006	3	28	6087	87	96	94
3/29/2006	2006	3	29	6088	88	100	100
3/30/2006	2006	3	30	6089	89	100	100
3/31/2006	2006	3	31	6090	90	95	95
4/1/2006	2006	4	1	6091	91	100	93
4/2/2006	2006	4	2	6092	92	100	100
4/3/2006	2006	4	3	6093	93	100	100
4/4/2006	2006	4	4	6094	94	100	100
4/5/2006	2006	4	5	6095	95	100	100
4/6/2006	2006	4	6	6096	96	100	100
4/7/2006	2006	4	7	6097	97	93	94
4/8/2006	2006	4	8	6098	98	98	98
4/9/2006	2006	4	9	6099	99	95	95
4/10/2006	2006	4	10	6100	100	96	96
4/11/2006	2006	4	11	6101	101	97	95
4/12/2006	2006	4	12	6102	102	95	95
4/13/2006	2006	4	13	6103	103	93	94
4/14/2006	2006	4	14	6104	104	93	93
4/15/2006	2006	4	15	6105	105	93	92
4/16/2006	2006	4	16	6106	106	97	98
4/17/2006	2006	4	17	6107	107	96	97
4/18/2006	2006	4	18	6108	108	95	95
4/19/2006	2006	4	19	6109	109	93	93
4/20/2006	2006	4	20	6110	110	100	93
4/21/2006	2006	4	21	6111	111	93	92
4/22/2006	2006	4	22	6112	112	92	92
4/23/2006	2006	4	23	6113	113	81	81
4/24/2006	2006	4	24	6114	114	90	90
4/25/2006	2006	4	25	6115	115	92	94
4/26/2006	2006	4	26	6116	116	93	94
4/27/2006	2006	4	27	6117	117	81	82
4/28/2006	2006	4	28	6118	118	76	77
4/29/2006	2006	4	29	6119	119	62	63
4/30/2006	2006	4	30	6120	120	59	60
11/1/2006	2006	11	1	6305	305	0	0
11/2/2006	2006	11	2	6306	306	0	0
11/3/2006	2006	11	3	6307	307	0	0
11/4/2006	2006	11	4	6308	308	0	0
11/5/2006	2006	11	5	6309	309	0	0
11/6/2006	2006	11	6	6310	310	0	0
11/7/2006	2006	11	7	6311	311	0	0
11/8/2006	2006	11	8	6312	312	0	0
11/9/2006	2006	11	9	6313	313	0	0
11/10/2006	2006	11	10	6314	314	0	0
11/11/2006	2006	11	11	6315	315	0	0
11/12/2006	2006	11	12	6316	316	0	0
11/13/2006	2006	11	13	6317	317	0	0
11/14/2006	2006	11	14	6318	318	0	0
11/15/2006	2006	11	15	6319	319	0	0
11/16/2006	2006	11	16	6320	320	0	0
11/17/2006	2006	11	17	6321	321	0	0
11/18/2006	2006	11	18	6322	322	0	0
11/19/2006	2006	11	19	6323	323	0	0
11/20/2006	2006	11	20	6324	324	0	0
11/21/2006	2006	11	21	6325	325	0	0
11/22/2006	2006	11	22	6326	326	0	0
11/23/2006	2006	11	23	6327	327	0	0
11/24/2006	2006	11	24	6328	328	0	0
11/25/2006	2006	11	25	6329	329	0	0
11/26/2006	2006	11	26	6330	330	0	0
11/27/2006	2006	11	27	6331	331	0	0
11/28/2006	2006	11	28	6332	332	0	0
11/29/2006	2006	11	29	6333	333	0	0
11/30/2006	2006	11	30	6334	334	0	0
12/1/2006	2006	12	1	6335	335	0	0
12/2/2006	2006	12	2	6336	336	0	0
12/3/2006	2006	12	3	6337	337	0	0
12/4/2006	2006	12	4	6338	338	0	0
12/5/2006	2006	12	5	6339	339	0	0
12/6/2006	2006	12	6	6340	340	0	0
12/7/2006	2006	12	7	6341	341	0	0
12/8/2006	2006	12	8	6342	342	0	0
12/9/2006	2006	12	9	6343	343	0	0
12/10/2006	2006	12	10	6344	344	0	0
12/11/2006	2006	12	11	6345	345	0	0
12/12/2006	2006	12	12	6346	346	0	0
12/13/2006	2006	12	13	6347	347	0	0
12/14/2006	2006	12	14	6348	348	0	0
12/15/2006	2006	12	15	6349	349	0	0
12/16/2006	2006	12	16	6350	350	0	0
12/17/2006	2006	12	17	6351	351	0	0
12/18/2006	2006	12	18	6352	352	0	0
12/19/2006	2006	12	19	6353	353	0	0
12/20/2006	2006	12	20	6354	354	0	0
12/21/2006	2006	12	21	6355	355	0	0
12/22/2006	2006	12	22	6356	356	0	0
12/23/2006	2006	12	23	6357	357	0	0
12/24/2006	2006	12	24	6358	358	0	0
12/25/2006	2006	12	25	6359	359	0	16
12/26/2006	2006	12	26	6360	360	46	37
12/27/2006	2006	12	27	6361	361	81	71
12/28/2006	2006	12	28	6362	362	86	82
12/29/2006	2006	12	29	6363	363	89	88
12/30/2006	2006	12	30	6364	364	93	91
12/31/2006	2006	12	31	6365	365	90	91
1/1/2007	2007	1	1	7001	1	93	91
1/2/2007	2007	1	2	7002	2	94	93
1/3/2007	2007	1	3	7003	3	96	96
1/4/2007	2007	1	4	7004	4	97	97
1/5/2007	2007	1	5	7005	5	96	95
1/6/2007	2007	1	6	7006	6	96	96
1/7/2007	2007	1	7	7007	7	94	94
1/8/2007	2007	1	8	7008	8	96	94
1/9/2007	2007	1	9	7009	9	94	93
1/10/2007	2007	1	10	7010	10	98	95
1/11/2007	2007	1	11	7011	11	93	97
1/12/2007	2007	1	12	7012	12	97	98
1/13/2007	2007	1	13	7013	13	97	100
1/14/2007	2007	1	14	7014	14	98	100
1/15/2007	2007	1	15	7015	15	100	100
1/16/2007	2007	1	16	7016	16	95	97
1/17/2007	2007	1	17	7017	17	92	93
1/18/2007	2007	1	18	7018	18	96	93
1/19/2007	2007	1	19	7019	19	95	95
1/20/2007	2007	1	20	7020	20	94	94
1/21/2007	2007	1	21	7021	21	95	98
1/22/2007	2007	1	22	7022	22	96	97
1/23/2007	2007	1	23	7023	23	94	94
1/24/2007	2007	1	24	7024	24	98	98
1/25/2007	2007	1	25	7025	25	97	97
1/26/2007	2007	1	26	7026	26	92	93
1/27/2007	2007	1	27	7027	27	100	100
1/28/2007	2007	1	28	7028	28	97	95
1/29/2007	2007	1	29	7029	29	99	96
1/30/2007	2007	1	30	7030	30	94	94
1/31/2007	2007	1	31	7031	31	98	96
2/1/2007	2007	2	1	7032	32	93	94
2/2/2007	2007	2	2	7033	33	90	92
2/3/2007	2007	2	3	7034	34	93	94
2/4/2007	2007	2	4	7035	35	95	97
2/5/2007	2007	2	5	7036	36	97	99
2/6/2007	2007	2	6	7037	37	100	100
2/7/2007	2007	2	7	7038	38	100	100
2/8/2007	2007	2	8	7039	39	100	100
2/9/2007	2007	2	9	7040	40	100	100
2/10/2007	2007	2	10	7041	41	100	100
2/11/2007	2007	2	11	7042	42	100	100
2/12/2007	2007	2	12	7043	43	92	100
2/13/2007	2007	2	13	7044	44	100	100
2/14/2007	2007	2	14	7045	45	100	100
2/15/2007	2007	2	15	7046	46	100	100
2/16/2007	2007	2	16	7047	47	93	93
2/17/2007	2007	2	17	7048	48	100	100
2/18/2007	2007	2	18	7049	49	100	100
2/19/2007	2007	2	19	7050	50	93	93
2/20/2007	2007	2	20	7051	51	100	100
2/21/2007	2007	2	21	7052	52	93	93
2/22/2007	2007	2	22	7053	53	97	96
2/23/2007	2007	2	23	7054	54	97	97
2/24/2007	2007	2	24	7055	55	94	95
2/25/2007	2007	2	25	7056	56	93	93
2/26/2007	2007	2	26	7057	57	93	93
2/27/2007	2007	2	27	7058	58	92	93
2/28/2007	2007	2	28	7059	59	92	92
3/1/2007	2007	3	1	7060	60	93	92
3/2/2007	2007	3	2	7061	61	92	93
3/3/2007	2007	3	3	7062	62	92	92
3/4/2007	2007	3	4	7063	63	93	93
3/5/2007	2007	3	5	7064	64	92	92
3/6/2007	2007	3	6	7065	65	94	94
3/7/2007	2007	3	7	7066	66	95	95
3/8/2007	2007	3	8	7067	67	93	93
3/9/2007	2007	3	9	7068	68	94	94
3/10/2007	2007	3	10	7069	69	92	92
3/11/2007	2007	3	11	7070	70	100	94
3/12/2007	2007	3	12	7071	71	100	92
3/13/2007	2007	3	13	7072	72	100	97
3/14/2007	2007	3	14	7073	73	96	97
3/15/2007	2007	3	15	7074	74	99	99
3/16/2007	2007	3	16	7075	75	95	95
3/17/2007	2007	3	17	7076	76	95	95
3/18/2007	2007	3	18	7077	77	96	96
3/19/2007	2007	3	19	7078	78	98	98
3/20/2007	2007	3	20	7079	79	97	97
3/21/2007	2007	3	21	7080	80	96	96
3/22/2007	2007	3	22	7081	81	97	97
3/23/2007	2007	3	23	7082	82	98	98
3/24/2007	2007	3	24	7083	83	95	95
3/25/2007	2007	3	25	7084	84	94	94
3/26/2007	2007	3	26	7085	85	93	93
3/27/2007	2007	3	27	7086	86	96	97
3/28/2007	2007	3	28	7087	87	95	95
3/29/2007	2007	3	29	7088	88	100	97
3/30/2007	2007	3	30	7089	89	100	100
3/31/2007	2007	3	31	7090	90	100	100
4/1/2007	2007	4	1	7091	91	96	98
4/2/2007	2007	4	2	7092	92	96	96
4/3/2007	2007	4	3	7093	93	97	97
4/4/2007	2007	4	4	7094	94	94	93
4/5/2007	2007	4	5	7095	95	100	100
4/6/2007	2007	4	6	7096	96	71	72
4/7/2007	2007	4	7	7097	97	78	79
4/8/2007	2007	4	8	7098	98	78	79
4/9/2007	2007	4	9	7099	99	78	78
4/10/2007	2007	4	10	7100	100	82	84
4/11/2007	2007	4	11	7101	101	100	100
4/12/2007	2007	4	12	7102	102	100	99
4/13/2007	2007	4	13	7103	103	100	99
4/14/2007	2007	4	14	7104	104	100	100
4/15/2007	2007	4	15	7105	105	100	98
4/16/2007	2007	4	16	7106	106	89	89
4/17/2007	2007	4	17	7107	107	90	91
4/18/2007	2007	4	18	7108	108	84	84
4/19/2007	2007	4	19	7109	109	86	86
4/20/2007	2007	4	20	7110	110	94	94
4/21/2007	2007	4	21	7111	111	100	100
4/22/2007	2007	4	22	7112	112	81	82
4/23/2007	2007	4	23	7113	113	75	76
4/24/2007	2007	4	24	7114	114	59	61
4/25/2007	2007	4	25	7115	115	52	54
4/26/2007	2007	4	26	7116	116	43	46
4/27/2007	2007	4	27	7117	117	55	58
4/28/2007	2007	4	28	7118	118	63	65
4/29/2007	2007	4	29	7119	119	60	62
4/30/2007	2007	4	30	7120	120	50	51
11/1/2007	2007	11	1	7305	305	0	0
11/2/2007	2007	11	2	7306	306	0	0
11/3/2007	2007	11	3	7307	307	0	0
11/4/2007	2007	11	4	7308	308	0	0
11/5/2007	2007	11	5	7309	309	0	0
11/6/2007	2007	11	6	7310	310	0	0
11/7/2007	2007	11	7	7311	311	0	0
11/8/2007	2007	11	8	7312	312	0	0
11/9/2007	2007	11	9	7313	313	0	0
11/10/2007	2007	11	10	7314	314	0	0
11/11/2007	2007	11	11	7315	315	0	0
11/12/2007	2007	11	12	7316	316	0	0
11/13/2007	2007	11	13	7317	317	0	0
11/14/2007	2007	11	14	7318	318	0	0
11/15/2007	2007	11	15	7319	319	0	0
11/16/2007	2007	11	16	7320	320	0	0
11/17/2007	2007	11	17	7321	321	0	0
11/18/2007	2007	11	18	7322	322	0	0
11/19/2007	2007	11	19	7323	323	0	0
11/20/2007	2007	11	20	7324	324	0	0
11/21/2007	2007	11	21	7325	325	0	0
11/22/2007	2007	11	22	7326	326	0	0
11/23/2007	2007	11	23	7327	327	0	0
11/24/2007	2007	11	24	7328	328	0	0
11/25/2007	2007	11	25	7329	329	0	0
11/26/2007	2007	11	26	7330	330	0	0
11/27/2007	2007	11	27	7331	331	0	0
11/28/2007	2007	11	28	7332	332	0	0
11/29/2007	2007	11	29	7333	333	0	0
11/30/2007	2007	11	30	7334	334	0	0
12/1/2007	2007	12	1	7335	335	0	0
12/2/2007	2007	12	2	7336	336	0	0
12/3/2007	2007	12	3	7337	337	0	0
12/4/2007	2007	12	4	7338	338	0	0
12/5/2007	2007	12	5	7339	339	0	0
12/6/2007	2007	12	6	7340	340	0	0
12/7/2007	2007	12	7	7341	341	0	0
12/8/2007	2007	12	8	7342	342	0	0
12/9/2007	2007	12	9	7343	343	0	0
12/10/2007	2007	12	10	7344	344	0	0
12/11/2007	2007	12	11	7345	345	0	0
12/12/2007	2007	12	12	7346	346	0	0
12/13/2007	2007	12	13	7347	347	0	0
12/14/2007	2007	12	14	7348	348	0	0
12/15/2007	2007	12	15	7349	349	0	0
12/16/2007	2007	12	16	7350	350	0	0
12/17/2007	2007	12	17	7351	351	0	0
12/18/2007	2007	12	18	7352	352	0	0
12/19/2007	2007	12	19	7353	353	0	0
12/20/2007	2007	12	20	7354	354	0	0
12/21/2007	2007	12	21	7355	355	0	0
12/22/2007	2007	12	22	7356	356	0	0
12/23/2007	2007	12	23	7357	357	0	0
12/24/2007	2007	12	24	7358	358	0	0
12/25/2007	2007	12	25	7359	359	21	32
12/26/2007	2007	12	26	7360	360	27	23
12/27/2007	2007	12	27	7361	361	24	30
12/28/2007	2007	12	28	7362	362	22	31
12/29/2007	2007	12	29	7363	363	42	54
12/30/2007	2007	12	30	7364	364	83	84
12/31/2007	2007	12	31	7365	365	87	88
1/1/2008	2008	1	1	8001	1	73	75
1/2/2008	2008	1	2	8002	2	76	76
1/3/2008	2008	1	3	8003	3	87	84
1/4/2008	2008	1	4	8004	4	92	91
1/5/2008	2008	1	5	8005	5	98	95
1/6/2008	2008	1	6	8006	6	100	98
1/7/2008	2008	1	7	8007	7	100	100
1/8/2008	2008	1	8	8008	8	100	99
1/9/2008	2008	1	9	8009	9	99	99
1/10/2008	2008	1	10	8010	10	93	100
1/11/2008	2008	1	11	8011	11	93	92
1/12/2008	2008	1	12	8012	12	98	98
1/13/2008	2008	1	13	8013	13	96	94
1/14/2008	2008	1	14	8014	14	92	92
1/15/2008	2008	1	15	8015	15	92	92
1/16/2008	2008	1	16	8016	16	85	86
1/17/2008	2008	1	17	8017	17	95	92
1/18/2008	2008	1	18	8018	18	98	98
1/19/2008	2008	1	19	8019	19	93	93
1/20/2008	2008	1	20	8020	20	92	95
1/21/2008	2008	1	21	8021	21	96	97
1/22/2008	2008	1	22	8022	22	95	94
1/23/2008	2008	1	23	8023	23	93	93
1/24/2008	2008	1	24	8024	24	100	100
1/25/2008	2008	1	25	8025	25	94	94
1/26/2008	2008	1	26	8026	26	93	94
1/27/2008	2008	1	27	8027	27	100	100
1/28/2008	2008	1	28	8028	28	100	100
1/29/2008	2008	1	29	8029	29	98	98
1/30/2008	2008	1	30	8030	30	100	100
1/31/2008	2008	1	31	8031	31	98	98
2/1/2008	2008	2	1	8032	32	96	96
2/2/2008	2008	2	2	8033	33	93	94
2/3/2008	2008	2	3	8034	34	94	94
2/4/2008	2008	2	4	8035	35	96	96
2/5/2008	2008	2	5	8036	36	98	98
2/6/2008	2008	2	6	8037	37	100	100
2/7/2008	2008	2	7	8038	38	100	100
2/8/2008	2008	2	8	8039	39	98	100
2/9/2008	2008	2	9	8040	40	92	93
2/10/2008	2008	2	10	8041	41	100	100
2/11/2008	2008	2	11	8042	42	100	100
2/12/2008	2008	2	12	8043	43	93	94
2/13/2008	2008	2	13	8044	44	97	97
2/14/2008	2008	2	14	8045	45	100	100
2/15/2008	2008	2	15	8046	46	99	99
2/16/2008	2008	2	16	8047	47	100	99
2/17/2008	2008	2	17	8048	48	97	97
2/18/2008	2008	2	18	8049	49	93	93
2/19/2008	2008	2	19	8050	50	95	95
2/20/2008	2008	2	20	8051	51	99	100
2/21/2008	2008	2	21	8052	52	100	99
2/22/2008	2008	2	22	8053	53	100	96
2/23/2008	2008	2	23	8054	54	99	94
2/24/2008	2008	2	24	8055	55	97	94
2/25/2008	2008	2	25	8056	56	100	100
2/26/2008	2008	2	26	8057	57	99	99
2/27/2008	2008	2	27	8058	58	95	95
2/28/2008	2008	2	28	8059	59	96	100
2/29/2008	2008	2	29	8060	60	NA	100
3/1/2008	2008	3	1	8061	61	100	95
3/2/2008	2008	3	2	8062	62	100	100
3/3/2008	2008	3	3	8063	63	97	97
3/4/2008	2008	3	4	8064	64	88	88
3/5/2008	2008	3	5	8065	65	96	96
3/6/2008	2008	3	6	8066	66	88	89
3/7/2008	2008	3	7	8067	67	88	88
3/8/2008	2008	3	8	8068	68	87	88
3/9/2008	2008	3	9	8069	69	92	92
3/10/2008	2008	3	10	8070	70	90	90
3/11/2008	2008	3	11	8071	71	93	93
3/12/2008	2008	3	12	8072	72	95	95
3/13/2008	2008	3	13	8073	73	99	99
3/14/2008	2008	3	14	8074	74	99	99
3/15/2008	2008	3	15	8075	75	94	94
3/16/2008	2008	3	16	8076	76	91	91
3/17/2008	2008	3	17	8077	77	92	92
3/18/2008	2008	3	18	8078	78	90	90
3/19/2008	2008	3	19	8079	79	90	91
3/20/2008	2008	3	20	8080	80	91	91
3/21/2008	2008	3	21	8081	81	91	91
3/22/2008	2008	3	22	8082	82	91	92
3/23/2008	2008	3	23	8083	83	91	92
3/24/2008	2008	3	24	8084	84	92	92
3/25/2008	2008	3	25	8085	85	92	92
3/26/2008	2008	3	26	8086	86	92	93
3/27/2008	2008	3	27	8087	87	94	93
3/28/2008	2008	3	28	8088	88	95	93
3/29/2008	2008	3	29	8089	89	97	98
3/30/2008	2008	3	30	8090	90	97	98
3/31/2008	2008	3	31	8091	91	100	100
4/1/2008	2008	4	1	8092	92	100	100
4/2/2008	2008	4	2	8093	93	100	100
4/3/2008	2008	4	3	8094	94	100	100
4/4/2008	2008	4	4	8095	95	100	100
4/5/2008	2008	4	5	8096	96	96	95
4/6/2008	2008	4	6	8097	97	99	98
4/7/2008	2008	4	7	8098	98	100	100
4/8/2008	2008	4	8	8099	99	100	100
4/9/2008	2008	4	9	8100	100	100	100
4/10/2008	2008	4	10	8101	101	100	100
4/11/2008	2008	4	11	8102	102	100	100
4/12/2008	2008	4	12	8103	103	100	100
4/13/2008	2008	4	13	8104	104	100	100
4/14/2008	2008	4	14	8105	105	100	100
4/15/2008	2008	4	15	8106	106	100	100
4/16/2008	2008	4	16	8107	107	100	100
4/17/2008	2008	4	17	8108	108	100	100
4/18/2008	2008	4	18	8109	109	100	100
4/19/2008	2008	4	19	8110	110	100	100
4/20/2008	2008	4	20	8111	111	100	100
4/21/2008	2008	4	21	8112	112	100	100
4/22/2008	2008	4	22	8113	113	100	100
4/23/2008	2008	4	23	8114	114	100	100
4/24/2008	2008	4	24	8115	115	100	100
4/25/2008	2008	4	25	8116	116	100	100
4/26/2008	2008	4	26	8117	117	100	92
4/27/2008	2008	4	27	8118	118	93	92
4/28/2008	2008	4	28	8119	119	100	100
4/29/2008	2008	4	29	8120	120	93	93
4/30/2008	2008	4	30	8121	121	100	100
11/1/2008	2008	11	1	8306	306	0	0
11/2/2008	2008	11	2	8307	307	0	0
11/3/2008	2008	11	3	8308	308	0	0
11/4/2008	2008	11	4	8309	309	0	0
11/5/2008	2008	11	5	8310	310	0	0
11/6/2008	2008	11	6	8311	311	0	0
11/7/2008	2008	11	7	8312	312	0	0
11/8/2008	2008	11	8	8313	313	0	0
11/9/2008	2008	11	9	8314	314	0	0
11/10/2008	2008	11	10	8315	315	0	0
11/11/2008	2008	11	11	8316	316	0	0
11/12/2008	2008	11	12	8317	317	0	0
11/13/2008	2008	11	13	8318	318	0	0
11/14/2008	2008	11	14	8319	319	0	0
11/15/2008	2008	11	15	8320	320	0	0
11/16/2008	2008	11	16	8321	321	0	0
11/17/2008	2008	11	17	8322	322	0	0
11/18/2008	2008	11	18	8323	323	0	0
11/19/2008	2008	11	19	8324	324	0	0
11/20/2008	2008	11	20	8325	325	0	0
11/21/2008	2008	11	21	8326	326	0	0
11/22/2008	2008	11	22	8327	327	0	0
11/23/2008	2008	11	23	8328	328	0	0
11/24/2008	2008	11	24	8329	329	0	0
11/25/2008	2008	11	25	8330	330	0	0
11/26/2008	2008	11	26	8331	331	0	0
11/27/2008	2008	11	27	8332	332	0	0
11/28/2008	2008	11	28	8333	333	0	0
11/29/2008	2008	11	29	8334	334	0	0
11/30/2008	2008	11	30	8335	335	0	0
12/1/2008	2008	12	1	8336	336	0	0
12/2/2008	2008	12	2	8337	337	0	0
12/3/2008	2008	12	3	8338	338	0	0
12/4/2008	2008	12	4	8339	339	0	0
12/5/2008	2008	12	5	8340	340	0	0
12/6/2008	2008	12	6	8341	341	0	0
12/7/2008	2008	12	7	8342	342	31	0
12/8/2008	2008	12	8	8343	343	18	0
12/9/2008	2008	12	9	8344	344	51	24
12/10/2008	2008	12	10	8345	345	35	15
12/11/2008	2008	12	11	8346	346	35	18
12/12/2008	2008	12	12	8347	347	28	0
12/13/2008	2008	12	13	8348	348	0	0
12/14/2008	2008	12	14	8349	349	0	0
12/15/2008	2008	12	15	8350	350	0	0
12/16/2008	2008	12	16	8351	351	0	0
12/17/2008	2008	12	17	8352	352	0	0
12/18/2008	2008	12	18	8353	353	0	0
12/19/2008	2008	12	19	8354	354	0	0
12/20/2008	2008	12	20	8355	355	0	0
12/21/2008	2008	12	21	8356	356	0	0
12/22/2008	2008	12	22	8357	357	0	0
12/23/2008	2008	12	23	8358	358	0	0
12/24/2008	2008	12	24	8359	359	0	0
12/25/2008	2008	12	25	8360	360	37	28
12/26/2008	2008	12	26	8361	361	61	53
12/27/2008	2008	12	27	8362	362	76	77
12/28/2008	2008	12	28	8363	363	90	89
12/29/2008	2008	12	29	8364	364	93	91
12/30/2008	2008	12	30	8365	365	95	94
12/31/2008	2008	12	31	8366	366	95	96
1/1/2009	2009	1	1	9001	1	96	96
1/2/2009	2009	1	2	9002	2	97	93
1/3/2009	2009	1	3	9003	3	98	96
1/4/2009	2009	1	4	9004	4	96	96
1/5/2009	2009	1	5	9005	5	94	94
1/6/2009	2009	1	6	9006	6	93	93
1/7/2009	2009	1	7	9007	7	93	93
1/8/2009	2009	1	8	9008	8	93	93
1/9/2009	2009	1	9	9009	9	92	93
1/10/2009	2009	1	10	9010	10	94	94
1/11/2009	2009	1	11	9011	11	96	96
1/12/2009	2009	1	12	9012	12	98	93
1/13/2009	2009	1	13	9013	13	98	93
1/14/2009	2009	1	14	9014	14	93	95
1/15/2009	2009	1	15	9015	15	93	93
1/16/2009	2009	1	16	9016	16	93	93
1/17/2009	2009	1	17	9017	17	97	94
1/18/2009	2009	1	18	9018	18	100	100
1/19/2009	2009	1	19	9019	19	97	96
1/20/2009	2009	1	20	9020	20	94	95
1/21/2009	2009	1	21	9021	21	95	97
1/22/2009	2009	1	22	9022	22	100	100
1/23/2009	2009	1	23	9023	23	100	100
1/24/2009	2009	1	24	9024	24	100	100
1/25/2009	2009	1	25	9025	25	100	100
1/26/2009	2009	1	26	9026	26	97	97
1/27/2009	2009	1	27	9027	27	96	96
1/28/2009	2009	1	28	9028	28	93	95
1/29/2009	2009	1	29	9029	29	94	95
1/30/2009	2009	1	30	9030	30	99	99
1/31/2009	2009	1	31	9031	31	97	97
2/1/2009	2009	2	1	9032	32	98	98
2/2/2009	2009	2	2	9033	33	100	100
2/3/2009	2009	2	3	9034	34	97	95
2/4/2009	2009	2	4	9035	35	95	95
2/5/2009	2009	2	5	9036	36	97	97
2/6/2009	2009	2	6	9037	37	100	100
2/7/2009	2009	2	7	9038	38	99	99
2/8/2009	2009	2	8	9039	39	100	99
2/9/2009	2009	2	9	9040	40	100	100
2/10/2009	2009	2	10	9041	41	99	98
2/11/2009	2009	2	11	9042	42	92	93
2/12/2009	2009	2	12	9043	43	100	100
2/13/2009	2009	2	13	9044	44	100	100
2/14/2009	2009	2	14	9045	45	98	96
2/15/2009	2009	2	15	9046	46	95	94
2/16/2009	2009	2	16	9047	47	94	93
2/17/2009	2009	2	17	9048	48	95	95
2/18/2009	2009	2	18	9049	49	96	96
2/19/2009	2009	2	19	9050	50	100	100
2/20/2009	2009	2	20	9051	51	97	98
2/21/2009	2009	2	21	9052	52	100	100
2/22/2009	2009	2	22	9053	53	100	100
2/23/2009	2009	2	23	9054	54	97	97
2/24/2009	2009	2	24	9055	55	93	93
2/25/2009	2009	2	25	9056	56	100	100
2/26/2009	2009	2	26	9057	57	100	100
2/27/2009	2009	2	27	9058	58	98	98
2/28/2009	2009	2	28	9059	59	92	94
3/1/2009	2009	3	1	9060	60	92	96
3/2/2009	2009	3	2	9061	61	92	92
3/3/2009	2009	3	3	9062	62	92	92
3/4/2009	2009	3	4	9063	63	94	94
3/5/2009	2009	3	5	9064	64	95	96
3/6/2009	2009	3	6	9065	65	92	94
3/7/2009	2009	3	7	9066	66	94	94
3/8/2009	2009	3	8	9067	67	100	100
3/9/2009	2009	3	9	9068	68	100	98
3/10/2009	2009	3	10	9069	69	92	93
3/11/2009	2009	3	11	9070	70	92	92
3/12/2009	2009	3	12	9071	71	93	92
3/13/2009	2009	3	13	9072	72	92	92
3/14/2009	2009	3	14	9073	73	94	94
3/15/2009	2009	3	15	9074	74	100	100
3/16/2009	2009	3	16	9075	75	100	100
3/17/2009	2009	3	17	9076	76	100	100
3/18/2009	2009	3	18	9077	77	100	100
3/19/2009	2009	3	19	9078	78	96	96
3/20/2009	2009	3	20	9079	79	92	93
3/21/2009	2009	3	21	9080	80	93	93
3/22/2009	2009	3	22	9081	81	95	94
3/23/2009	2009	3	23	9082	82	100	100
3/24/2009	2009	3	24	9083	83	100	100
3/25/2009	2009	3	25	9084	84	100	100
3/26/2009	2009	3	26	9085	85	97	98
3/27/2009	2009	3	27	9086	86	97	97
3/28/2009	2009	3	28	9087	87	96	96
3/29/2009	2009	3	29	9088	88	95	95
3/30/2009	2009	3	30	9089	89	93	93
3/31/2009	2009	3	31	9090	90	94	94
4/1/2009	2009	4	1	9091	91	95	96
4/2/2009	2009	4	2	9092	92	96	97
4/3/2009	2009	4	3	9093	93	100	100
4/4/2009	2009	4	4	9094	94	100	100
4/5/2009	2009	4	5	9095	95	100	100
4/6/2009	2009	4	6	9096	96	100	100
4/7/2009	2009	4	7	9097	97	100	100
4/8/2009	2009	4	8	9098	98	100	100
4/9/2009	2009	4	9	9099	99	97	98
4/10/2009	2009	4	10	9100	100	94	95
4/11/2009	2009	4	11	9101	101	100	96
4/12/2009	2009	4	12	9102	102	95	92
4/13/2009	2009	4	13	9103	103	97	97
4/14/2009	2009	4	14	9104	104	100	100
4/15/2009	2009	4	15	9105	105	100	100
4/16/2009	2009	4	16	9106	106	100	100
4/17/2009	2009	4	17	9107	107	100	100
4/18/2009	2009	4	18	9108	108	100	100
4/19/2009	2009	4	19	9109	109	100	100
4/20/2009	2009	4	20	9110	110	100	100
4/21/2009	2009	4	21	9111	111	98	98
4/22/2009	2009	4	22	9112	112	100	100
4/23/2009	2009	4	23	9113	113	100	97
4/24/2009	2009	4	24	9114	114	99	98
4/25/2009	2009	4	25	9115	115	97	96
4/26/2009	2009	4	26	9116	116	91	95
4/27/2009	2009	4	27	9117	117	92	92
4/28/2009	2009	4	28	9118	118	95	95
4/29/2009	2009	4	29	9119	119	93	95
4/30/2009	2009	4	30	9120	120	92	92
11/1/2009	2009	11	1	9305	305	0	0
11/2/2009	2009	11	2	9306	306	0	0
11/3/2009	2009	11	3	9307	307	0	0
11/4/2009	2009	11	4	9308	308	0	0
11/5/2009	2009	11	5	9309	309	0	0
11/6/2009	2009	11	6	9310	310	0	0
11/7/2009	2009	11	7	9311	311	0	0
11/8/2009	2009	11	8	9312	312	0	0
11/9/2009	2009	11	9	9313	313	0	0
11/10/2009	2009	11	10	9314	314	0	0
11/11/2009	2009	11	11	9315	315	0	0
11/12/2009	2009	11	12	9316	316	0	0
11/13/2009	2009	11	13	9317	317	0	0
11/14/2009	2009	11	14	9318	318	0	0
11/15/2009	2009	11	15	9319	319	0	0
11/16/2009	2009	11	16	9320	320	0	0
11/17/2009	2009	11	17	9321	321	0	0
11/18/2009	2009	11	18	9322	322	0	0
11/19/2009	2009	11	19	9323	323	0	0
11/20/2009	2009	11	20	9324	324	0	0
11/21/2009	2009	11	21	9325	325	0	0
11/22/2009	2009	11	22	9326	326	0	0
11/23/2009	2009	11	23	9327	327	0	0
11/24/2009	2009	11	24	9328	328	0	0
11/25/2009	2009	11	25	9329	329	0	0
11/26/2009	2009	11	26	9330	330	0	0
11/27/2009	2009	11	27	9331	331	0	0
11/28/2009	2009	11	28	9332	332	0	0
11/29/2009	2009	11	29	9333	333	0	0
11/30/2009	2009	11	30	9334	334	0	0
12/1/2009	2009	12	1	9335	335	0	0
12/2/2009	2009	12	2	9336	336	0	0
12/3/2009	2009	12	3	9337	337	0	0
12/4/2009	2009	12	4	9338	338	0	0
12/5/2009	2009	12	5	9339	339	0	0
12/6/2009	2009	12	6	9340	340	0	0
12/7/2009	2009	12	7	9341	341	0	0
12/8/2009	2009	12	8	9342	342	0	0
12/9/2009	2009	12	9	9343	343	0	0
12/10/2009	2009	12	10	9344	344	0	0
12/11/2009	2009	12	11	9345	345	0	0
12/12/2009	2009	12	12	9346	346	0	0
12/13/2009	2009	12	13	9347	347	0	0
12/14/2009	2009	12	14	9348	348	29	0
12/15/2009	2009	12	15	9349	349	42	24
12/16/2009	2009	12	16	9350	350	52	30
12/17/2009	2009	12	17	9351	351	60	34
12/18/2009	2009	12	18	9352	352	66	48
12/19/2009	2009	12	19	9353	353	71	51
12/20/2009	2009	12	20	9354	354	70	56
12/21/2009	2009	12	21	9355	355	74	60
12/22/2009	2009	12	22	9356	356	73	54
12/23/2009	2009	12	23	9357	357	50	29
12/24/2009	2009	12	24	9358	358	38	18
12/25/2009	2009	12	25	9359	359	47	30
12/26/2009	2009	12	26	9360	360	66	56
12/27/2009	2009	12	27	9361	361	74	64
12/28/2009	2009	12	28	9362	362	79	69
12/29/2009	2009	12	29	9363	363	79	70
12/30/2009	2009	12	30	9364	364	82	73
12/31/2009	2009	12	31	9365	365	88	78
1/1/2010	2010	1	1	10001	1	87	79
1/2/2010	2010	1	2	10002	2	99	86
1/3/2010	2010	1	3	10003	3	100	100
1/4/2010	2010	1	4	10004	4	100	100
1/5/2010	2010	1	5	10005	5	90	90
1/6/2010	2010	1	6	10006	6	87	88
1/7/2010	2010	1	7	10007	7	89	89
1/8/2010	2010	1	8	10008	8	87	87
1/9/2010	2010	1	9	10009	9	88	88
1/10/2010	2010	1	10	10010	10	92	93
1/11/2010	2010	1	11	10011	11	96	96
1/12/2010	2010	1	12	10012	12	100	100
1/13/2010	2010	1	13	10013	13	100	100
1/14/2010	2010	1	14	10014	14	98	99
1/15/2010	2010	1	15	10015	15	100	98
1/16/2010	2010	1	16	10016	16	100	100
1/17/2010	2010	1	17	10017	17	98	98
1/18/2010	2010	1	18	10018	18	98	98
1/19/2010	2010	1	19	10019	19	95	95
1/20/2010	2010	1	20	10020	20	96	96
1/21/2010	2010	1	21	10021	21	93	93
1/22/2010	2010	1	22	10022	22	95	94
1/23/2010	2010	1	23	10023	23	88	88
1/24/2010	2010	1	24	10024	24	89	89
1/25/2010	2010	1	25	10025	25	100	100
1/26/2010	2010	1	26	10026	26	100	99
1/27/2010	2010	1	27	10027	27	96	96
1/28/2010	2010	1	28	10028	28	100	100
1/29/2010	2010	1	29	10029	29	100	100
1/30/2010	2010	1	30	10030	30	100	100
1/31/2010	2010	1	31	10031	31	100	100
2/1/2010	2010	2	1	10032	32	99	100
2/2/2010	2010	2	2	10033	33	97	94
2/3/2010	2010	2	3	10034	34	92	93
2/4/2010	2010	2	4	10035	35	93	93
2/5/2010	2010	2	5	10036	36	95	92
2/6/2010	2010	2	6	10037	37	92	92
2/7/2010	2010	2	7	10038	38	91	92
2/8/2010	2010	2	8	10039	39	91	91
2/9/2010	2010	2	9	10040	40	95	94
2/10/2010	2010	2	10	10041	41	100	100
2/11/2010	2010	2	11	10042	42	100	100
2/12/2010	2010	2	12	10043	43	96	95
2/13/2010	2010	2	13	10044	44	100	100
2/14/2010	2010	2	14	10045	45	100	99
2/15/2010	2010	2	15	10046	46	99	98
2/16/2010	2010	2	16	10047	47	97	97
2/17/2010	2010	2	17	10048	48	96	96
2/18/2010	2010	2	18	10049	49	100	100
2/19/2010	2010	2	19	10050	50	100	100
2/20/2010	2010	2	20	10051	51	96	96
2/21/2010	2010	2	21	10052	52	97	98
2/22/2010	2010	2	22	10053	53	100	100
2/23/2010	2010	2	23	10054	54	97	99
2/24/2010	2010	2	24	10055	55	97	99
2/25/2010	2010	2	25	10056	56	98	95
2/26/2010	2010	2	26	10057	57	93	92
2/27/2010	2010	2	27	10058	58	92	94
2/28/2010	2010	2	28	10059	59	98	97
3/1/2010	2010	3	1	10060	60	99	99
3/2/2010	2010	3	2	10061	61	97	97
3/3/2010	2010	3	3	10062	62	95	95
3/4/2010	2010	3	4	10063	63	95	95
3/5/2010	2010	3	5	10064	64	96	95
3/6/2010	2010	3	6	10065	65	97	97
3/7/2010	2010	3	7	10066	66	97	97
3/8/2010	2010	3	8	10067	67	100	100
3/9/2010	2010	3	9	10068	68	100	100
3/10/2010	2010	3	10	10069	69	100	100
3/11/2010	2010	3	11	10070	70	100	100
3/12/2010	2010	3	12	10071	71	100	100
3/13/2010	2010	3	13	10072	72	100	100
3/14/2010	2010	3	14	10073	73	100	100
3/15/2010	2010	3	15	10074	74	100	100
3/16/2010	2010	3	16	10075	75	100	100
3/17/2010	2010	3	17	10076	76	98	98
3/18/2010	2010	3	18	10077	77	100	100
3/19/2010	2010	3	19	10078	78	100	100
3/20/2010	2010	3	20	10079	79	100	100
3/21/2010	2010	3	21	10080	80	100	100
3/22/2010	2010	3	22	10081	81	100	100
3/23/2010	2010	3	23	10082	82	100	100
3/24/2010	2010	3	24	10083	83	100	100
3/25/2010	2010	3	25	10084	84	100	100
3/26/2010	2010	3	26	10085	85	100	100
3/27/2010	2010	3	27	10086	86	100	99
3/28/2010	2010	3	28	10087	87	97	98
3/29/2010	2010	3	29	10088	88	96	96
3/30/2010	2010	3	30	10089	89	96	96
3/31/2010	2010	3	31	10090	90	93	93
4/1/2010	2010	4	1	10091	91	96	96
4/2/2010	2010	4	2	10092	92	100	100
4/3/2010	2010	4	3	10093	93	100	100
4/4/2010	2010	4	4	10094	94	100	100
4/5/2010	2010	4	5	10095	95	100	100
4/6/2010	2010	4	6	10096	96	99	100
4/7/2010	2010	4	7	10097	97	98	99
4/8/2010	2010	4	8	10098	98	100	100
4/9/2010	2010	4	9	10099	99	100	100
4/10/2010	2010	4	10	10100	100	100	100
4/11/2010	2010	4	11	10101	101	100	100
4/12/2010	2010	4	12	10102	102	100	100
4/13/2010	2010	4	13	10103	103	100	100
4/14/2010	2010	4	14	10104	104	100	100
4/15/2010	2010	4	15	10105	105	100	100
4/16/2010	2010	4	16	10106	106	97	97
4/17/2010	2010	4	17	10107	107	100	100
4/18/2010	2010	4	18	10108	108	99	100
4/19/2010	2010	4	19	10109	109	100	100
4/20/2010	2010	4	20	10110	110	99	99
4/21/2010	2010	4	21	10111	111	99	99
4/22/2010	2010	4	22	10112	112	98	98
4/23/2010	2010	4	23	10113	113	98	98
4/24/2010	2010	4	24	10114	114	100	100
4/25/2010	2010	4	25	10115	115	98	98
4/26/2010	2010	4	26	10116	116	97	97
4/27/2010	2010	4	27	10117	117	94	94
4/28/2010	2010	4	28	10118	118	97	97
4/29/2010	2010	4	29	10119	119	97	97
4/30/2010	2010	4	30	10120	120	100	100
11/1/2010	2010	11	1	10305	305	0	0
11/2/2010	2010	11	2	10306	306	0	0
11/3/2010	2010	11	3	10307	307	0	0
11/4/2010	2010	11	4	10308	308	0	0
11/5/2010	2010	11	5	10309	309	0	0
11/6/2010	2010	11	6	10310	310	0	0
11/7/2010	2010	11	7	10311	311	0	0
11/8/2010	2010	11	8	10312	312	0	0
11/9/2010	2010	11	9	10313	313	0	0
11/10/2010	2010	11	10	10314	314	0	0
11/11/2010	2010	11	11	10315	315	0	0
11/12/2010	2010	11	12	10316	316	0	0
11/13/2010	2010	11	13	10317	317	0	0
11/14/2010	2010	11	14	10318	318	0	0
11/15/2010	2010	11	15	10319	319	0	0
11/16/2010	2010	11	16	10320	320	0	0
11/17/2010	2010	11	17	10321	321	0	0
11/18/2010	2010	11	18	10322	322	0	0
11/19/2010	2010	11	19	10323	323	0	0
11/20/2010	2010	11	20	10324	324	0	0
11/21/2010	2010	11	21	10325	325	0	0
11/22/2010	2010	11	22	10326	326	0	0
11/23/2010	2010	11	23	10327	327	0	0
11/24/2010	2010	11	24	10328	328	0	0
11/25/2010	2010	11	25	10329	329	0	0
11/26/2010	2010	11	26	10330	330	0	0
11/27/2010	2010	11	27	10331	331	0	0
11/28/2010	2010	11	28	10332	332	0	0
11/29/2010	2010	11	29	10333	333	0	0
11/30/2010	2010	11	30	10334	334	0	0
12/1/2010	2010	12	1	10335	335	0	0
12/2/2010	2010	12	2	10336	336	0	0
12/3/2010	2010	12	3	10337	337	0	0
12/4/2010	2010	12	4	10338	338	0	0
12/5/2010	2010	12	5	10339	339	0	0
12/6/2010	2010	12	6	10340	340	0	0
12/7/2010	2010	12	7	10341	341	0	0
12/8/2010	2010	12	8	10342	342	0	0
12/9/2010	2010	12	9	10343	343	0	0
12/10/2010	2010	12	10	10344	344	0	0
12/11/2010	2010	12	11	10345	345	0	0
12/12/2010	2010	12	12	10346	346	0	0
12/13/2010	2010	12	13	10347	347	0	0
12/14/2010	2010	12	14	10348	348	0	0
12/15/2010	2010	12	15	10349	349	0	0
12/16/2010	2010	12	16	10350	350	0	0
12/17/2010	2010	12	17	10351	351	0	0
12/18/2010	2010	12	18	10352	352	0	0
12/19/2010	2010	12	19	10353	353	0	0
12/20/2010	2010	12	20	10354	354	0	0
12/21/2010	2010	12	21	10355	355	0	0
12/22/2010	2010	12	22	10356	356	0	0
12/23/2010	2010	12	23	10357	357	0	0
12/24/2010	2010	12	24	10358	358	0	0
12/25/2010	2010	12	25	10359	359	0	0
12/26/2010	2010	12	26	10360	360	0	0
12/27/2010	2010	12	27	10361	361	0	0
12/28/2010	2010	12	28	10362	362	0	0
12/29/2010	2010	12	29	10363	363	0	0
12/30/2010	2010	12	30	10364	364	0	14
12/31/2010	2010	12	31	10365	365	38	44
1/1/2011	2011	1	1	11001	1	67	66
1/2/2011	2011	1	2	11002	2	85	83
1/3/2011	2011	1	3	11003	3	93	88
1/4/2011	2011	1	4	11004	4	87	85
1/5/2011	2011	1	5	11005	5	90	90
1/6/2011	2011	1	6	11006	6	100	100
1/7/2011	2011	1	7	11007	7	86	84
1/8/2011	2011	1	8	11008	8	85	79
1/9/2011	2011	1	9	11009	9	70	60
1/10/2011	2011	1	10	11010	10	63	52
1/11/2011	2011	1	11	11011	11	75	64
1/12/2011	2011	1	12	11012	12	87	85
1/13/2011	2011	1	13	11013	13	97	94
1/14/2011	2011	1	14	11014	14	100	99
1/15/2011	2011	1	15	11015	15	99	98
1/16/2011	2011	1	16	11016	16	100	100
1/17/2011	2011	1	17	11017	17	100	100
1/18/2011	2011	1	18	11018	18	100	100
1/19/2011	2011	1	19	11019	19	98	96
1/20/2011	2011	1	20	11020	20	97	97
1/21/2011	2011	1	21	11021	21	94	94
1/22/2011	2011	1	22	11022	22	91	91
1/23/2011	2011	1	23	11023	23	90	90
1/24/2011	2011	1	24	11024	24	91	91
1/25/2011	2011	1	25	11025	25	93	93
1/26/2011	2011	1	26	11026	26	97	96
1/27/2011	2011	1	27	11027	27	98	97
1/28/2011	2011	1	28	11028	28	99	99
1/29/2011	2011	1	29	11029	29	100	95
1/30/2011	2011	1	30	11030	30	100	92
1/31/2011	2011	1	31	11031	31	93	93
2/1/2011	2011	2	1	11032	32	98	98
2/2/2011	2011	2	2	11033	33	96	95
2/3/2011	2011	2	3	11034	34	98	96
2/4/2011	2011	2	4	11035	35	95	95
2/5/2011	2011	2	5	11036	36	97	97
2/6/2011	2011	2	6	11037	37	100	100
2/7/2011	2011	2	7	11038	38	100	100
2/8/2011	2011	2	8	11039	39	93	93
2/9/2011	2011	2	9	11040	40	93	100
2/10/2011	2011	2	10	11041	41	93	92
2/11/2011	2011	2	11	11042	42	92	93
2/12/2011	2011	2	12	11043	43	100	92
2/13/2011	2011	2	13	11044	44	100	100
2/14/2011	2011	2	14	11045	45	93	95
2/15/2011	2011	2	15	11046	46	100	100
2/16/2011	2011	2	16	11047	47	93	93
2/17/2011	2011	2	17	11048	48	95	95
2/18/2011	2011	2	18	11049	49	99	99
2/19/2011	2011	2	19	11050	50	100	100
2/20/2011	2011	2	20	11051	51	100	100
2/21/2011	2011	2	21	11052	52	100	100
2/22/2011	2011	2	22	11053	53	100	100
2/23/2011	2011	2	23	11054	54	89	67
2/24/2011	2011	2	24	11055	55	62	51
2/25/2011	2011	2	25	11056	56	49	44
2/26/2011	2011	2	26	11057	57	79	81
2/27/2011	2011	2	27	11058	58	98	99
2/28/2011	2011	2	28	11059	59	100	100
3/1/2011	2011	3	1	11060	60	100	100
3/2/2011	2011	3	2	11061	61	100	100
3/3/2011	2011	3	3	11062	62	100	100
3/4/2011	2011	3	4	11063	63	98	96
3/5/2011	2011	3	5	11064	64	100	100
3/6/2011	2011	3	6	11065	65	99	98
3/7/2011	2011	3	7	11066	66	99	98
3/8/2011	2011	3	8	11067	67	100	100
3/9/2011	2011	3	9	11068	68	100	100
3/10/2011	2011	3	10	11069	69	98	97
3/11/2011	2011	3	11	11070	70	96	94
3/12/2011	2011	3	12	11071	71	97	93
3/13/2011	2011	3	13	11072	72	93	93
3/14/2011	2011	3	14	11073	73	94	94
3/15/2011	2011	3	15	11074	74	96	97
3/16/2011	2011	3	16	11075	75	94	95
3/17/2011	2011	3	17	11076	76	93	100
3/18/2011	2011	3	18	11077	77	93	93
3/19/2011	2011	3	19	11078	78	100	90
3/20/2011	2011	3	20	11079	79	97	91
3/21/2011	2011	3	21	11080	80	94	92
3/22/2011	2011	3	22	11081	81	97	92
3/23/2011	2011	3	23	11082	82	99	95
3/24/2011	2011	3	24	11083	83	98	93
3/25/2011	2011	3	25	11084	84	100	99
3/26/2011	2011	3	26	11085	85	100	100
3/27/2011	2011	3	27	11086	86	100	100
3/28/2011	2011	3	28	11087	87	100	100
3/29/2011	2011	3	29	11088	88	100	100
3/30/2011	2011	3	30	11089	89	100	100
3/31/2011	2011	3	31	11090	90	100	100
4/1/2011	2011	4	1	11091	91	100	100
4/2/2011	2011	4	2	11092	92	100	100
4/3/2011	2011	4	3	11093	93	97	97
4/4/2011	2011	4	4	11094	94	98	98
4/5/2011	2011	4	5	11095	95	100	99
4/6/2011	2011	4	6	11096	96	100	100
4/7/2011	2011	4	7	11097	97	100	100
4/8/2011	2011	4	8	11098	98	99	99
4/9/2011	2011	4	9	11099	99	100	100
4/10/2011	2011	4	10	11100	100	100	99
4/11/2011	2011	4	11	11101	101	97	96
4/12/2011	2011	4	12	11102	102	99	99
4/13/2011	2011	4	13	11103	103	100	100
4/14/2011	2011	4	14	11104	104	100	100
4/15/2011	2011	4	15	11105	105	100	100
4/16/2011	2011	4	16	11106	106	100	100
4/17/2011	2011	4	17	11107	107	100	100
4/18/2011	2011	4	18	11108	108	100	100
4/19/2011	2011	4	19	11109	109	100	100
4/20/2011	2011	4	20	11110	110	100	100
4/21/2011	2011	4	21	11111	111	100	100
4/22/2011	2011	4	22	11112	112	85	85
4/23/2011	2011	4	23	11113	113	66	66
4/24/2011	2011	4	24	11114	114	66	66
4/25/2011	2011	4	25	11115	115	57	58
4/26/2011	2011	4	26	11116	116	27	28
4/27/2011	2011	4	27	11117	117	0	19
4/28/2011	2011	4	28	11118	118	0	0
4/29/2011	2011	4	29	11119	119	0	0
4/30/2011	2011	4	30	11120	120	0	0
11/1/2011	2011	11	1	11305	305	0	0
11/2/2011	2011	11	2	11306	306	0	0
11/3/2011	2011	11	3	11307	307	0	0
11/4/2011	2011	11	4	11308	308	0	0
11/5/2011	2011	11	5	11309	309	0	0
11/6/2011	2011	11	6	11310	310	0	0
11/7/2011	2011	11	7	11311	311	0	0
11/8/2011	2011	11	8	11312	312	0	0
11/9/2011	2011	11	9	11313	313	0	0
11/10/2011	2011	11	10	11314	314	0	0
11/11/2011	2011	11	11	11315	315	0	0
11/12/2011	2011	11	12	11316	316	0	0
11/13/2011	2011	11	13	11317	317	0	0
11/14/2011	2011	11	14	11318	318	0	0
11/15/2011	2011	11	15	11319	319	0	0
11/16/2011	2011	11	16	11320	320	0	0
11/17/2011	2011	11	17	11321	321	0	0
11/18/2011	2011	11	18	11322	322	0	0
11/19/2011	2011	11	19	11323	323	0	0
11/20/2011	2011	11	20	11324	324	0	0
11/21/2011	2011	11	21	11325	325	0	0
11/22/2011	2011	11	22	11326	326	0	0
11/23/2011	2011	11	23	11327	327	0	0
11/24/2011	2011	11	24	11328	328	0	0
11/25/2011	2011	11	25	11329	329	0	0
11/26/2011	2011	11	26	11330	330	0	0
11/27/2011	2011	11	27	11331	331	0	0
11/28/2011	2011	11	28	11332	332	0	0
11/29/2011	2011	11	29	11333	333	0	0
11/30/2011	2011	11	30	11334	334	0	0
12/1/2011	2011	12	1	11335	335	0	0
12/2/2011	2011	12	2	11336	336	0	0
12/3/2011	2011	12	3	11337	337	0	0
12/4/2011	2011	12	4	11338	338	0	0
12/5/2011	2011	12	5	11339	339	0	0
12/6/2011	2011	12	6	11340	340	0	0
12/7/2011	2011	12	7	11341	341	0	0
12/8/2011	2011	12	8	11342	342	0	0
12/9/2011	2011	12	9	11343	343	0	0
12/10/2011	2011	12	10	11344	344	0	0
12/11/2011	2011	12	11	11345	345	0	0
12/12/2011	2011	12	12	11346	346	0	0
12/13/2011	2011	12	13	11347	347	0	0
12/14/2011	2011	12	14	11348	348	0	0
12/15/2011	2011	12	15	11349	349	0	0
12/16/2011	2011	12	16	11350	350	17	15
12/17/2011	2011	12	17	11351	351	41	27
12/18/2011	2011	12	18	11352	352	78	56
12/19/2011	2011	12	19	11353	353	89	79
12/20/2011	2011	12	20	11354	354	93	83
12/21/2011	2011	12	21	11355	355	85	75
12/22/2011	2011	12	22	11356	356	83	77
12/23/2011	2011	12	23	11357	357	91	85
12/24/2011	2011	12	24	11358	358	93	85
12/25/2011	2011	12	25	11359	359	92	86
12/26/2011	2011	12	26	11360	360	94	90
12/27/2011	2011	12	27	11361	361	92	88
12/28/2011	2011	12	28	11362	362	96	95
12/29/2011	2011	12	29	11363	363	96	94
12/30/2011	2011	12	30	11364	364	99	99
12/31/2011	2011	12	31	11365	365	100	100
1/1/2012	2012	1	1	12001	1	100	100
1/2/2012	2012	1	2	12002	2	93	92
1/3/2012	2012	1	3	12003	3	92	93
1/4/2012	2012	1	4	12004	4	93	94
1/5/2012	2012	1	5	12005	5	95	94
1/6/2012	2012	1	6	12006	6	99	99
1/7/2012	2012	1	7	12007	7	100	100
1/8/2012	2012	1	8	12008	8	100	98
1/9/2012	2012	1	9	12009	9	100	100
1/10/2012	2012	1	10	12010	10	100	100
1/11/2012	2012	1	11	12011	11	100	100
1/12/2012	2012	1	12	12012	12	100	100
1/13/2012	2012	1	13	12013	13	100	100
1/14/2012	2012	1	14	12014	14	100	100
1/15/2012	2012	1	15	12015	15	100	100
1/16/2012	2012	1	16	12016	16	98	99
1/17/2012	2012	1	17	12017	17	99	100
1/18/2012	2012	1	18	12018	18	100	100
1/19/2012	2012	1	19	12019	19	100	100
1/20/2012	2012	1	20	12020	20	96	94
1/21/2012	2012	1	21	12021	21	100	94
1/22/2012	2012	1	22	12022	22	93	93
1/23/2012	2012	1	23	12023	23	96	98
1/24/2012	2012	1	24	12024	24	92	96
1/25/2012	2012	1	25	12025	25	98	98
1/26/2012	2012	1	26	12026	26	95	98
1/27/2012	2012	1	27	12027	27	93	93
1/28/2012	2012	1	28	12028	28	94	98
1/29/2012	2012	1	29	12029	29	92	96
1/30/2012	2012	1	30	12030	30	92	96
1/31/2012	2012	1	31	12031	31	92	93
2/1/2012	2012	2	1	12032	32	93	93
2/2/2012	2012	2	2	12033	33	92	93
2/3/2012	2012	2	3	12034	34	99	99
2/4/2012	2012	2	4	12035	35	100	100
2/5/2012	2012	2	5	12036	36	100	100
2/6/2012	2012	2	6	12037	37	100	100
2/7/2012	2012	2	7	12038	38	94	94
2/8/2012	2012	2	8	12039	39	99	98
2/9/2012	2012	2	9	12040	40	99	98
2/10/2012	2012	2	10	12041	41	100	100
2/11/2012	2012	2	11	12042	42	99	99
2/12/2012	2012	2	12	12043	43	100	100
2/13/2012	2012	2	13	12044	44	99	99
2/14/2012	2012	2	14	12045	45	99	98
2/15/2012	2012	2	15	12046	46	100	100
2/16/2012	2012	2	16	12047	47	100	94
2/17/2012	2012	2	17	12048	48	95	96
2/18/2012	2012	2	18	12049	49	94	93
2/19/2012	2012	2	19	12050	50	92	97
2/20/2012	2012	2	20	12051	51	99	96
2/21/2012	2012	2	21	12052	52	94	95
2/22/2012	2012	2	22	12053	53	93	95
2/23/2012	2012	2	23	12054	54	93	94
2/24/2012	2012	2	24	12055	55	93	94
2/25/2012	2012	2	25	12056	56	95	95
2/26/2012	2012	2	26	12057	57	94	94
2/27/2012	2012	2	27	12058	58	93	94
2/28/2012	2012	2	28	12059	59	96	93
2/29/2012	2012	2	29	12060	60	NA	93
3/1/2012	2012	3	1	12061	61	93	93
3/2/2012	2012	3	2	12062	62	93	93
3/3/2012	2012	3	3	12063	63	91	92
3/4/2012	2012	3	4	12064	64	94	94
3/5/2012	2012	3	5	12065	65	94	94
3/6/2012	2012	3	6	12066	66	100	100
3/7/2012	2012	3	7	12067	67	100	100
3/8/2012	2012	3	8	12068	68	92	92
3/9/2012	2012	3	9	12069	69	92	92
3/10/2012	2012	3	10	12070	70	93	93
3/11/2012	2012	3	11	12071	71	93	93
3/12/2012	2012	3	12	12072	72	94	94
3/13/2012	2012	3	13	12073	73	97	96
3/14/2012	2012	3	14	12074	74	93	93
3/15/2012	2012	3	15	12075	75	95	93
3/16/2012	2012	3	16	12076	76	93	93
3/17/2012	2012	3	17	12077	77	93	93
3/18/2012	2012	3	18	12078	78	93	93
3/19/2012	2012	3	19	12079	79	94	94
3/20/2012	2012	3	20	12080	80	96	96
3/21/2012	2012	3	21	12081	81	96	97
3/22/2012	2012	3	22	12082	82	97	97
3/23/2012	2012	3	23	12083	83	93	94
3/24/2012	2012	3	24	12084	84	100	100
3/25/2012	2012	3	25	12085	85	99	100
3/26/2012	2012	3	26	12086	86	97	98
3/27/2012	2012	3	27	12087	87	92	92
3/28/2012	2012	3	28	12088	88	93	93
3/29/2012	2012	3	29	12089	89	98	99
3/30/2012	2012	3	30	12090	90	95	95
3/31/2012	2012	3	31	12091	91	94	94
4/1/2012	2012	4	1	12092	92	92	92
4/2/2012	2012	4	2	12093	93	93	93
4/3/2012	2012	4	3	12094	94	93	93
4/4/2012	2012	4	4	12095	95	97	97
4/5/2012	2012	4	5	12096	96	94	95
4/6/2012	2012	4	6	12097	97	95	95
4/7/2012	2012	4	7	12098	98	100	100
4/8/2012	2012	4	8	12099	99	100	100
4/9/2012	2012	4	9	12100	100	100	100
4/10/2012	2012	4	10	12101	101	100	100
4/11/2012	2012	4	11	12102	102	99	99
4/12/2012	2012	4	12	12103	103	100	100
4/13/2012	2012	4	13	12104	104	100	100
4/14/2012	2012	4	14	12105	105	100	100
4/15/2012	2012	4	15	12106	106	100	100
4/16/2012	2012	4	16	12107	107	100	100
4/17/2012	2012	4	17	12108	108	99	100
4/18/2012	2012	4	18	12109	109	100	100
4/19/2012	2012	4	19	12110	110	99	100
4/20/2012	2012	4	20	12111	111	100	100
4/21/2012	2012	4	21	12112	112	100	100
4/22/2012	2012	4	22	12113	113	100	100
4/23/2012	2012	4	23	12114	114	98	98
4/24/2012	2012	4	24	12115	115	100	100
4/25/2012	2012	4	25	12116	116	99	99
4/26/2012	2012	4	26	12117	117	100	100
4/27/2012	2012	4	27	12118	118	97	97
4/28/2012	2012	4	28	12119	119	91	91
4/29/2012	2012	4	29	12120	120	78	78
4/30/2012	2012	4	30	12121	121	76	76
11/1/2012	2012	11	1	12306	306	0	0
11/2/2012	2012	11	2	12307	307	0	0
11/3/2012	2012	11	3	12308	308	0	0
11/4/2012	2012	11	4	12309	309	0	0
11/5/2012	2012	11	5	12310	310	0	0
11/6/2012	2012	11	6	12311	311	0	0
11/7/2012	2012	11	7	12312	312	0	0
11/8/2012	2012	11	8	12313	313	0	0
11/9/2012	2012	11	9	12314	314	0	0
11/10/2012	2012	11	10	12315	315	0	0
11/11/2012	2012	11	11	12316	316	0	0
11/12/2012	2012	11	12	12317	317	0	0
11/13/2012	2012	11	13	12318	318	0	0
11/14/2012	2012	11	14	12319	319	0	0
11/15/2012	2012	11	15	12320	320	0	0
11/16/2012	2012	11	16	12321	321	0	0
11/17/2012	2012	11	17	12322	322	0	0
11/18/2012	2012	11	18	12323	323	0	0
11/19/2012	2012	11	19	12324	324	0	0
11/20/2012	2012	11	20	12325	325	0	0
11/21/2012	2012	11	21	12326	326	0	0
11/22/2012	2012	11	22	12327	327	0	0
11/23/2012	2012	11	23	12328	328	0	0
11/24/2012	2012	11	24	12329	329	0	0
11/25/2012	2012	11	25	12330	330	0	0
11/26/2012	2012	11	26	12331	331	0	0
11/27/2012	2012	11	27	12332	332	0	0
11/28/2012	2012	11	28	12333	333	0	0
11/29/2012	2012	11	29	12334	334	0	0
11/30/2012	2012	11	30	12335	335	0	0
12/1/2012	2012	12	1	12336	336	0	0
12/2/2012	2012	12	2	12337	337	0	0
12/3/2012	2012	12	3	12338	338	0	0
12/4/2012	2012	12	4	12339	339	0	0
12/5/2012	2012	12	5	12340	340	0	0
12/6/2012	2012	12	6	12341	341	0	0
12/7/2012	2012	12	7	12342	342	0	0
12/8/2012	2012	12	8	12343	343	0	0
12/9/2012	2012	12	9	12344	344	0	0
12/10/2012	2012	12	10	12345	345	0	0
12/11/2012	2012	12	11	12346	346	0	0
12/12/2012	2012	12	12	12347	347	0	0
12/13/2012	2012	12	13	12348	348	0	0
12/14/2012	2012	12	14	12349	349	33	26
12/15/2012	2012	12	15	12350	350	46	28
12/16/2012	2012	12	16	12351	351	40	24
12/17/2012	2012	12	17	12352	352	55	39
12/18/2012	2012	12	18	12353	353	68	54
12/19/2012	2012	12	19	12354	354	89	74
12/20/2012	2012	12	20	12355	355	78	66
12/21/2012	2012	12	21	12356	356	47	0
12/22/2012	2012	12	22	12357	357	0	0
12/23/2012	2012	12	23	12358	358	29	0
12/24/2012	2012	12	24	12359	359	55	36
12/25/2012	2012	12	25	12360	360	74	53
12/26/2012	2012	12	26	12361	361	80	65
12/27/2012	2012	12	27	12362	362	84	73
12/28/2012	2012	12	28	12363	363	96	90
12/29/2012	2012	12	29	12364	364	95	97
12/30/2012	2012	12	30	12365	365	93	93
12/31/2012	2012	12	31	12366	366	94	94
1/1/2013	2013	1	1	13001	1	97	95
1/2/2013	2013	1	2	13002	2	98	98
1/3/2013	2013	1	3	13003	3	94	94
1/4/2013	2013	1	4	13004	4	98	97
1/5/2013	2013	1	5	13005	5	92	92
1/6/2013	2013	1	6	13006	6	93	93
1/7/2013	2013	1	7	13007	7	100	94
1/8/2013	2013	1	8	13008	8	93	94
1/9/2013	2013	1	9	13009	9	97	98
1/10/2013	2013	1	10	13010	10	100	100
1/11/2013	2013	1	11	13011	11	100	100
1/12/2013	2013	1	12	13012	12	100	100
1/13/2013	2013	1	13	13013	13	97	97
1/14/2013	2013	1	14	13014	14	95	93
1/15/2013	2013	1	15	13015	15	93	93
1/16/2013	2013	1	16	13016	16	94	94
1/17/2013	2013	1	17	13017	17	94	93
1/18/2013	2013	1	18	13018	18	100	92
1/19/2013	2013	1	19	13019	19	100	100
1/20/2013	2013	1	20	13020	20	99	99
1/21/2013	2013	1	21	13021	21	99	99
1/22/2013	2013	1	22	13022	22	94	95
1/23/2013	2013	1	23	13023	23	96	96
1/24/2013	2013	1	24	13024	24	95	96
1/25/2013	2013	1	25	13025	25	100	100
1/26/2013	2013	1	26	13026	26	100	100
1/27/2013	2013	1	27	13027	27	100	100
1/28/2013	2013	1	28	13028	28	100	100
1/29/2013	2013	1	29	13029	29	100	100
1/30/2013	2013	1	30	13030	30	100	100
1/31/2013	2013	1	31	13031	31	93	94
2/1/2013	2013	2	1	13032	32	92	93
2/2/2013	2013	2	2	13033	33	93	93
2/3/2013	2013	2	3	13034	34	94	93
2/4/2013	2013	2	4	13035	35	94	95
2/5/2013	2013	2	5	13036	36	99	97
2/6/2013	2013	2	6	13037	37	94	92
2/7/2013	2013	2	7	13038	38	93	93
2/8/2013	2013	2	8	13039	39	92	92
2/9/2013	2013	2	9	13040	40	91	91
2/10/2013	2013	2	10	13041	41	100	99
2/11/2013	2013	2	11	13042	42	100	100
2/12/2013	2013	2	12	13043	43	95	95
2/13/2013	2013	2	13	13044	44	93	93
2/14/2013	2013	2	14	13045	45	93	94
2/15/2013	2013	2	15	13046	46	100	100
2/16/2013	2013	2	16	13047	47	93	96
2/17/2013	2013	2	17	13048	48	95	95
2/18/2013	2013	2	18	13049	49	95	95
2/19/2013	2013	2	19	13050	50	98	96
2/20/2013	2013	2	20	13051	51	94	93
2/21/2013	2013	2	21	13052	52	99	99
2/22/2013	2013	2	22	13053	53	100	100
2/23/2013	2013	2	23	13054	54	96	96
2/24/2013	2013	2	24	13055	55	99	99
2/25/2013	2013	2	25	13056	56	100	100
2/26/2013	2013	2	26	13057	57	100	100
2/27/2013	2013	2	27	13058	58	100	99
2/28/2013	2013	2	28	13059	59	96	96
3/1/2013	2013	3	1	13060	60	100	100
3/2/2013	2013	3	2	13061	61	97	98
3/3/2013	2013	3	3	13062	62	96	97
3/4/2013	2013	3	4	13063	63	100	99
3/5/2013	2013	3	5	13064	64	98	98
3/6/2013	2013	3	6	13065	65	100	100
3/7/2013	2013	3	7	13066	66	100	100
3/8/2013	2013	3	8	13067	67	100	100
3/9/2013	2013	3	9	13068	68	98	98
3/10/2013	2013	3	10	13069	69	99	99
3/11/2013	2013	3	11	13070	70	99	100
3/12/2013	2013	3	12	13071	71	100	100
3/13/2013	2013	3	13	13072	72	100	100
3/14/2013	2013	3	14	13073	73	100	100
3/15/2013	2013	3	15	13074	74	100	100
3/16/2013	2013	3	16	13075	75	100	100
3/17/2013	2013	3	17	13076	76	100	100
3/18/2013	2013	3	18	13077	77	100	100
3/19/2013	2013	3	19	13078	78	100	100
3/20/2013	2013	3	20	13079	79	97	98
3/21/2013	2013	3	21	13080	80	95	97
3/22/2013	2013	3	22	13081	81	92	94
3/23/2013	2013	3	23	13082	82	93	93
3/24/2013	2013	3	24	13083	83	93	93
3/25/2013	2013	3	25	13084	84	94	95
3/26/2013	2013	3	26	13085	85	94	94
3/27/2013	2013	3	27	13086	86	95	94
3/28/2013	2013	3	28	13087	87	92	92
3/29/2013	2013	3	29	13088	88	92	94
3/30/2013	2013	3	30	13089	89	100	95
3/31/2013	2013	3	31	13090	90	94	97
4/1/2013	2013	4	1	13091	91	99	100
4/2/2013	2013	4	2	13092	92	100	100
4/3/2013	2013	4	3	13093	93	100	100
4/4/2013	2013	4	4	13094	94	98	99
4/5/2013	2013	4	5	13095	95	98	98
4/6/2013	2013	4	6	13096	96	95	95
4/7/2013	2013	4	7	13097	97	95	93
4/8/2013	2013	4	8	13098	98	91	91
4/9/2013	2013	4	9	13099	99	87	88
4/10/2013	2013	4	10	13100	100	94	93
4/11/2013	2013	4	11	13101	101	98	93
4/12/2013	2013	4	12	13102	102	97	94
4/13/2013	2013	4	13	13103	103	97	98
4/14/2013	2013	4	14	13104	104	97	97
4/15/2013	2013	4	15	13105	105	96	97
4/16/2013	2013	4	16	13106	106	100	100
4/17/2013	2013	4	17	13107	107	100	100
4/18/2013	2013	4	18	13108	108	100	100
4/19/2013	2013	4	19	13109	109	100	100
4/20/2013	2013	4	20	13110	110	100	100
4/21/2013	2013	4	21	13111	111	100	100
4/22/2013	2013	4	22	13112	112	100	100
4/23/2013	2013	4	23	13113	113	100	100
4/24/2013	2013	4	24	13114	114	98	99
4/25/2013	2013	4	25	13115	115	99	100
4/26/2013	2013	4	26	13116	116	97	97
4/27/2013	2013	4	27	13117	117	99	99
4/28/2013	2013	4	28	13118	118	100	100
4/29/2013	2013	4	29	13119	119	93	94
4/30/2013	2013	4	30	13120	120	93	93
11/1/2013	2013	11	1	13305	305	0	0
11/2/2013	2013	11	2	13306	306	0	0
11/3/2013	2013	11	3	13307	307	0	0
11/4/2013	2013	11	4	13308	308	0	0
11/5/2013	2013	11	5	13309	309	0	0
11/6/2013	2013	11	6	13310	310	0	0
11/7/2013	2013	11	7	13311	311	0	0
11/8/2013	2013	11	8	13312	312	0	0
11/9/2013	2013	11	9	13313	313	0	0
11/10/2013	2013	11	10	13314	314	0	0
11/11/2013	2013	11	11	13315	315	0	0
11/12/2013	2013	11	12	13316	316	0	0
11/13/2013	2013	11	13	13317	317	0	0
11/14/2013	2013	11	14	13318	318	0	0
11/15/2013	2013	11	15	13319	319	0	0
11/16/2013	2013	11	16	13320	320	0	0
11/17/2013	2013	11	17	13321	321	0	0
11/18/2013	2013	11	18	13322	322	0	0
11/19/2013	2013	11	19	13323	323	0	0
11/20/2013	2013	11	20	13324	324	0	0
11/21/2013	2013	11	21	13325	325	0	0
11/22/2013	2013	11	22	13326	326	0	0
11/23/2013	2013	11	23	13327	327	0	0
11/24/2013	2013	11	24	13328	328	0	0
11/25/2013	2013	11	25	13329	329	0	0
11/26/2013	2013	11	26	13330	330	0	0
11/27/2013	2013	11	27	13331	331	0	0
11/28/2013	2013	11	28	13332	332	0	0
11/29/2013	2013	11	29	13333	333	0	0
11/30/2013	2013	11	30	13334	334	0	0
12/1/2013	2013	12	1	13335	335	0	0
12/2/2013	2013	12	2	13336	336	0	0
12/3/2013	2013	12	3	13337	337	0	0
12/4/2013	2013	12	4	13338	338	0	0
12/5/2013	2013	12	5	13339	339	0	0
12/6/2013	2013	12	6	13340	340	0	0
12/7/2013	2013	12	7	13341	341	0	0
12/8/2013	2013	12	8	13342	342	0	0
12/9/2013	2013	12	9	13343	343	0	0
12/10/2013	2013	12	10	13344	344	0	0
12/11/2013	2013	12	11	13345	345	0	0
12/12/2013	2013	12	12	13346	346	0	0
12/13/2013	2013	12	13	13347	347	0	0
12/14/2013	2013	12	14	13348	348	0	0
12/15/2013	2013	12	15	13349	349	0	0
12/16/2013	2013	12	16	13350	350	0	0
12/17/2013	2013	12	17	13351	351	0	0
12/18/2013	2013	12	18	13352	352	0	0
12/19/2013	2013	12	19	13353	353	0	0
12/20/2013	2013	12	20	13354	354	0	0
12/21/2013	2013	12	21	13355	355	0	0
12/22/2013	2013	12	22	13356	356	0	0
12/23/2013	2013	12	23	13357	357	0	0
12/24/2013	2013	12	24	13358	358	0	0
12/25/2013	2013	12	25	13359	359	0	0
12/26/2013	2013	12	26	13360	360	35	21
12/27/2013	2013	12	27	13361	361	60	40
12/28/2013	2013	12	28	13362	362	70	57
12/29/2013	2013	12	29	13363	363	87	74
12/30/2013	2013	12	30	13364	364	91	79
12/31/2013	2013	12	31	13365	365	89	66
1/1/2014	2014	1	1	14001	1	73	57
1/2/2014	2014	1	2	14002	2	82	78
1/3/2014	2014	1	3	14003	3	81	72
1/4/2014	2014	1	4	14004	4	69	58
1/5/2014	2014	1	5	14005	5	76	64
1/6/2014	2014	1	6	14006	6	84	75
1/7/2014	2014	1	7	14007	7	85	69
1/8/2014	2014	1	8	14008	8	56	54
1/9/2014	2014	1	9	14009	9	64	64
1/10/2014	2014	1	10	14010	10	59	55
1/11/2014	2014	1	11	14011	11	58	50
1/12/2014	2014	1	12	14012	12	65	56
1/13/2014	2014	1	13	14013	13	77	70
1/14/2014	2014	1	14	14014	14	84	82
1/15/2014	2014	1	15	14015	15	93	93
1/16/2014	2014	1	16	14016	16	92	92
1/17/2014	2014	1	17	14017	17	89	89
1/18/2014	2014	1	18	14018	18	93	92
1/19/2014	2014	1	19	14019	19	100	100
1/20/2014	2014	1	20	14020	20	93	93
1/21/2014	2014	1	21	14021	21	93	94
1/22/2014	2014	1	22	14022	22	100	100
1/23/2014	2014	1	23	14023	23	100	100
1/24/2014	2014	1	24	14024	24	95	94
1/25/2014	2014	1	25	14025	25	96	97
1/26/2014	2014	1	26	14026	26	97	95
1/27/2014	2014	1	27	14027	27	97	98
1/28/2014	2014	1	28	14028	28	87	87
1/29/2014	2014	1	29	14029	29	56	59
1/30/2014	2014	1	30	14030	30	28	38
1/31/2014	2014	1	31	14031	31	34	36
2/1/2014	2014	2	1	14032	32	28	30
2/2/2014	2014	2	2	14033	33	31	37
2/3/2014	2014	2	3	14034	34	46	37
2/4/2014	2014	2	4	14035	35	71	66
2/5/2014	2014	2	5	14036	36	85	83
2/6/2014	2014	2	6	14037	37	79	76
2/7/2014	2014	2	7	14038	38	73	65
2/8/2014	2014	2	8	14039	39	77	72
2/9/2014	2014	2	9	14040	40	100	93
2/10/2014	2014	2	10	14041	41	100	100
2/11/2014	2014	2	11	14042	42	100	100
2/12/2014	2014	2	12	14043	43	98	97
2/13/2014	2014	2	13	14044	44	99	94
2/14/2014	2014	2	14	14045	45	94	94
2/15/2014	2014	2	15	14046	46	100	100
2/16/2014	2014	2	16	14047	47	100	100
2/17/2014	2014	2	17	14048	48	95	95
2/18/2014	2014	2	18	14049	49	92	92
2/19/2014	2014	2	19	14050	50	92	96
2/20/2014	2014	2	20	14051	51	92	93
2/21/2014	2014	2	21	14052	52	92	92
2/22/2014	2014	2	22	14053	53	97	92
2/23/2014	2014	2	23	14054	54	99	100
2/24/2014	2014	2	24	14055	55	98	96
2/25/2014	2014	2	25	14056	56	95	94
2/26/2014	2014	2	26	14057	57	95	94
2/27/2014	2014	2	27	14058	58	97	95
2/28/2014	2014	2	28	14059	59	94	94
3/1/2014	2014	3	1	14060	60	100	100
3/2/2014	2014	3	2	14061	61	100	100
3/3/2014	2014	3	3	14062	62	100	100
3/4/2014	2014	3	4	14063	63	100	100
3/5/2014	2014	3	5	14064	64	100	100
3/6/2014	2014	3	6	14065	65	100	100
3/7/2014	2014	3	7	14066	66	97	97
3/8/2014	2014	3	8	14067	67	96	96
3/9/2014	2014	3	9	14068	68	94	94
3/10/2014	2014	3	10	14069	69	91	91
3/11/2014	2014	3	11	14070	70	89	89
3/12/2014	2014	3	12	14071	71	88	89
3/13/2014	2014	3	13	14072	72	90	90
3/14/2014	2014	3	14	14073	73	93	93
3/15/2014	2014	3	15	14074	74	94	94
3/16/2014	2014	3	16	14075	75	97	97
3/17/2014	2014	3	17	14076	76	95	96
3/18/2014	2014	3	18	14077	77	95	95
3/19/2014	2014	3	19	14078	78	98	98
3/20/2014	2014	3	20	14079	79	100	100
3/21/2014	2014	3	21	14080	80	100	100
3/22/2014	2014	3	22	14081	81	100	100
3/23/2014	2014	3	23	14082	82	100	100
3/24/2014	2014	3	24	14083	83	100	100
3/25/2014	2014	3	25	14084	84	100	100
3/26/2014	2014	3	26	14085	85	100	100
3/27/2014	2014	3	27	14086	86	99	99
3/28/2014	2014	3	28	14087	87	98	99
3/29/2014	2014	3	29	14088	88	97	97
3/30/2014	2014	3	30	14089	89	100	100
3/31/2014	2014	3	31	14090	90	99	100
4/1/2014	2014	4	1	14091	91	100	100
4/2/2014	2014	4	2	14092	92	100	100
4/3/2014	2014	4	3	14093	93	93	93
4/4/2014	2014	4	4	14094	94	80	81
4/5/2014	2014	4	5	14095	95	87	89
4/6/2014	2014	4	6	14096	96	93	93
4/7/2014	2014	4	7	14097	97	94	95
4/8/2014	2014	4	8	14098	98	97	98
4/9/2014	2014	4	9	14099	99	99	100
4/10/2014	2014	4	10	14100	100	98	99
4/11/2014	2014	4	11	14101	101	99	100
4/12/2014	2014	4	12	14102	102	99	100
4/13/2014	2014	4	13	14103	103	93	93
4/14/2014	2014	4	14	14104	104	81	82
4/15/2014	2014	4	15	14105	105	83	83
4/16/2014	2014	4	16	14106	106	78	78
4/17/2014	2014	4	17	14107	107	65	66
4/18/2014	2014	4	18	14108	108	58	58
4/19/2014	2014	4	19	14109	109	42	43
4/20/2014	2014	4	20	14110	110	27	29
4/21/2014	2014	4	21	14111	111	0	22
4/22/2014	2014	4	22	14112	112	0	0
4/23/2014	2014	4	23	14113	113	0	0
4/24/2014	2014	4	24	14114	114	0	0
4/25/2014	2014	4	25	14115	115	0	0
4/26/2014	2014	4	26	14116	116	0	0
4/27/2014	2014	4	27	14117	117	0	0
4/28/2014	2014	4	28	14118	118	0	0
4/29/2014	2014	4	29	14119	119	0	0
4/30/2014	2014	4	30	14120	120	0	0
11/1/2014	2014	11	1	14305	305	0	0
11/2/2014	2014	11	2	14306	306	0	0
11/3/2014	2014	11	3	14307	307	0	0
11/4/2014	2014	11	4	14308	308	0	0
11/5/2014	2014	11	5	14309	309	0	0
11/6/2014	2014	11	6	14310	310	0	0
11/7/2014	2014	11	7	14311	311	0	0
11/8/2014	2014	11	8	14312	312	0	0
11/9/2014	2014	11	9	14313	313	0	0
11/10/2014	2014	11	10	14314	314	0	0
11/11/2014	2014	11	11	14315	315	0	0
11/12/2014	2014	11	12	14316	316	0	0
11/13/2014	2014	11	13	14317	317	0	0
11/14/2014	2014	11	14	14318	318	0	0
11/15/2014	2014	11	15	14319	319	0	0
11/16/2014	2014	11	16	14320	320	0	0
11/17/2014	2014	11	17	14321	321	0	0
11/18/2014	2014	11	18	14322	322	0	0
11/19/2014	2014	11	19	14323	323	0	0
11/20/2014	2014	11	20	14324	324	0	0
11/21/2014	2014	11	21	14325	325	0	0
11/22/2014	2014	11	22	14326	326	0	0
11/23/2014	2014	11	23	14327	327	0	0
11/24/2014	2014	11	24	14328	328	0	0
11/25/2014	2014	11	25	14329	329	0	0
11/26/2014	2014	11	26	14330	330	0	0
11/27/2014	2014	11	27	14331	331	0	0
11/28/2014	2014	11	28	14332	332	0	0
11/29/2014	2014	11	29	14333	333	0	0
11/30/2014	2014	11	30	14334	334	0	0
12/1/2014	2014	12	1	14335	335	0	0
12/2/2014	2014	12	2	14336	336	0	0
12/3/2014	2014	12	3	14337	337	0	0
12/4/2014	2014	12	4	14338	338	0	0
12/5/2014	2014	12	5	14339	339	0	0
12/6/2014	2014	12	6	14340	340	0	0
12/7/2014	2014	12	7	14341	341	0	0
12/8/2014	2014	12	8	14342	342	0	0
12/9/2014	2014	12	9	14343	343	0	0
12/10/2014	2014	12	10	14344	344	0	0
12/11/2014	2014	12	11	14345	345	0	0
12/12/2014	2014	12	12	14346	346	0	0
12/13/2014	2014	12	13	14347	347	0	0
12/14/2014	2014	12	14	14348	348	0	0
12/15/2014	2014	12	15	14349	349	0	0
12/16/2014	2014	12	16	14350	350	0	0
12/17/2014	2014	12	17	14351	351	0	0
12/18/2014	2014	12	18	14352	352	0	0
12/19/2014	2014	12	19	14353	353	0	0
12/20/2014	2014	12	20	14354	354	0	0
12/21/2014	2014	12	21	14355	355	0	0
12/22/2014	2014	12	22	14356	356	0	0
12/23/2014	2014	12	23	14357	357	0	0
12/24/2014	2014	12	24	14358	358	0	0
12/25/2014	2014	12	25	14359	359	0	0
12/26/2014	2014	12	26	14360	360	0	0
12/27/2014	2014	12	27	14361	361	0	0
12/28/2014	2014	12	28	14362	362	0	0
12/29/2014	2014	12	29	14363	363	0	0
12/30/2014	2014	12	30	14364	364	0	0
12/31/2014	2014	12	31	14365	365	0	0
1/1/2015	2015	1	1	15001	1	0	0
1/2/2015	2015	1	2	15002	2	0	0
1/3/2015	2015	1	3	15003	3	0	0
1/4/2015	2015	1	4	15004	4	0	0
1/5/2015	2015	1	5	15005	5	0	0
1/6/2015	2015	1	6	15006	6	0	0
1/7/2015	2015	1	7	15007	7	0	0
1/8/2015	2015	1	8	15008	8	0	0
1/9/2015	2015	1	9	15009	9	0	0
1/10/2015	2015	1	10	15010	10	0	0
1/11/2015	2015	1	11	15011	11	0	0
1/12/2015	2015	1	12	15012	12	0	0
1/13/2015	2015	1	13	15013	13	0	0
1/14/2015	2015	1	14	15014	14	0	0
1/15/2015	2015	1	15	15015	15	0	0
1/16/2015	2015	1	16	15016	16	0	0
1/17/2015	2015	1	17	15017	17	0	0
1/18/2015	2015	1	18	15018	18	0	0
1/19/2015	2015	1	19	15019	19	0	0
1/20/2015	2015	1	20	15020	20	0	0
1/21/2015	2015	1	21	15021	21	0	0
1/22/2015	2015	1	22	15022	22	0	0
1/23/2015	2015	1	23	15023	23	0	0
1/24/2015	2015	1	24	15024	24	16	0
1/25/2015	2015	1	25	15025	25	0	0
1/26/2015	2015	1	26	15026	26	0	0
1/27/2015	2015	1	27	15027	27	0	0
1/28/2015	2015	1	28	15028	28	23	0
1/29/2015	2015	1	29	15029	29	48	0
1/30/2015	2015	1	30	15030	30	0	0
1/31/2015	2015	1	31	15031	31	0	0
2/1/2015	2015	2	1	15032	32	40	0
2/2/2015	2015	2	2	15033	33	24	0
2/3/2015	2015	2	3	15034	34	46	24
2/4/2015	2015	2	4	15035	35	52	28
2/5/2015	2015	2	5	15036	36	46	29
2/6/2015	2015	2	6	15037	37	64	34
2/7/2015	2015	2	7	15038	38	83	73
2/8/2015	2015	2	8	15039	39	86	87
2/9/2015	2015	2	9	15040	40	82	82
2/10/2015	2015	2	10	15041	41	82	82
2/11/2015	2015	2	11	15042	42	74	75
2/12/2015	2015	2	12	15043	43	67	68
2/13/2015	2015	2	13	15044	44	61	62
2/14/2015	2015	2	14	15045	45	60	61
2/15/2015	2015	2	15	15046	46	74	76
2/16/2015	2015	2	16	15047	47	80	80
2/17/2015	2015	2	17	15048	48	72	74
2/18/2015	2015	2	18	15049	49	71	69
2/19/2015	2015	2	19	15050	50	81	79
2/20/2015	2015	2	20	15051	51	89	88
2/21/2015	2015	2	21	15052	52	95	95
2/22/2015	2015	2	22	15053	53	94	93
2/23/2015	2015	2	23	15054	54	97	97
2/24/2015	2015	2	24	15055	55	99	99
2/25/2015	2015	2	25	15056	56	84	85
2/26/2015	2015	2	26	15057	57	63	62
2/27/2015	2015	2	27	15058	58	51	48
2/28/2015	2015	2	28	15059	59	43	42
3/1/2015	2015	3	1	15060	60	57	58
3/2/2015	2015	3	2	15061	61	39	30
3/3/2015	2015	3	3	15062	62	52	38
3/4/2015	2015	3	4	15063	63	56	50
3/5/2015	2015	3	5	15064	64	57	47
3/6/2015	2015	3	6	15065	65	67	61
3/7/2015	2015	3	7	15066	66	47	41
3/8/2015	2015	3	8	15067	67	77	68
3/9/2015	2015	3	9	15068	68	95	83
3/10/2015	2015	3	10	15069	69	97	96
3/11/2015	2015	3	11	15070	70	99	100
3/12/2015	2015	3	12	15071	71	99	99
3/13/2015	2015	3	13	15072	72	97	96
3/14/2015	2015	3	14	15073	73	96	93
3/15/2015	2015	3	15	15074	74	100	95
3/16/2015	2015	3	16	15075	75	100	98
3/17/2015	2015	3	17	15076	76	100	100
3/18/2015	2015	3	18	15077	77	97	97
3/19/2015	2015	3	19	15078	78	94	96
3/20/2015	2015	3	20	15079	79	74	75
3/21/2015	2015	3	21	15080	80	66	67
3/22/2015	2015	3	22	15081	81	70	71
3/23/2015	2015	3	23	15082	82	79	80
3/24/2015	2015	3	24	15083	83	88	88
3/25/2015	2015	3	25	15084	84	90	90
3/26/2015	2015	3	26	15085	85	100	96
3/27/2015	2015	3	27	15086	86	100	99
3/28/2015	2015	3	28	15087	87	100	95
3/29/2015	2015	3	29	15088	88	89	90
3/30/2015	2015	3	30	15089	89	76	76
3/31/2015	2015	3	31	15090	90	84	85
4/1/2015	2015	4	1	15091	91	95	96
4/2/2015	2015	4	2	15092	92	97	98
4/3/2015	2015	4	3	15093	93	100	99
4/4/2015	2015	4	4	15094	94	98	98
4/5/2015	2015	4	5	15095	95	91	91
4/6/2015	2015	4	6	15096	96	73	73
4/7/2015	2015	4	7	15097	97	59	59
4/8/2015	2015	4	8	15098	98	62	66
4/9/2015	2015	4	9	15099	99	67	68
4/10/2015	2015	4	10	15100	100	75	74
4/11/2015	2015	4	11	15101	101	79	76
4/12/2015	2015	4	12	15102	102	83	78
4/13/2015	2015	4	13	15103	103	88	84
4/14/2015	2015	4	14	15104	104	92	88
4/15/2015	2015	4	15	15105	105	87	87
4/16/2015	2015	4	16	15106	106	100	100
4/17/2015	2015	4	17	15107	107	100	100
4/18/2015	2015	4	18	15108	108	96	96
4/19/2015	2015	4	19	15109	109	78	79
4/20/2015	2015	4	20	15110	110	65	66
4/21/2015	2015	4	21	15111	111	74	75
4/22/2015	2015	4	22	15112	112	69	72
4/23/2015	2015	4	23	15113	113	55	56
4/24/2015	2015	4	24	15114	114	38	41
4/25/2015	2015	4	25	15115	115	27	30
4/26/2015	2015	4	26	15116	116	22	24
4/27/2015	2015	4	27	15117	117	0	0
4/28/2015	2015	4	28	15118	118	0	0
4/29/2015	2015	4	29	15119	119	0	0
4/30/2015	2015	4	30	15120	120	0	0
11/1/2015	2015	11	1	15305	305	NA	0
11/2/2015	2015	11	2	15306	306	NA	0
11/3/2015	2015	11	3	15307	307	NA	0
11/4/2015	2015	11	4	15308	308	NA	0
11/5/2015	2015	11	5	15309	309	NA	0
11/6/2015	2015	11	6	15310	310	NA	0
11/7/2015	2015	11	7	15311	311	NA	0
11/8/2015	2015	11	8	15312	312	NA	0
11/9/2015	2015	11	9	15313	313	NA	0
11/10/2015	2015	11	10	15314	314	NA	0
11/11/2015	2015	11	11	15315	315	NA	0
11/12/2015	2015	11	12	15316	316	NA	0
11/13/2015	2015	11	13	15317	317	NA	0
11/14/2015	2015	11	14	15318	318	NA	0
11/15/2015	2015	11	15	15319	319	NA	0
11/16/2015	2015	11	16	15320	320	NA	0
11/17/2015	2015	11	17	15321	321	NA	0
11/18/2015	2015	11	18	15322	322	NA	0
11/19/2015	2015	11	19	15323	323	NA	0
11/20/2015	2015	11	20	15324	324	NA	0
11/21/2015	2015	11	21	15325	325	NA	0
11/22/2015	2015	11	22	15326	326	NA	0
11/23/2015	2015	11	23	15327	327	NA	0
11/24/2015	2015	11	24	15328	328	NA	0
11/25/2015	2015	11	25	15329	329	NA	0
11/26/2015	2015	11	26	15330	330	NA	0
11/27/2015	2015	11	27	15331	331	NA	0
11/28/2015	2015	11	28	15332	332	NA	0
11/29/2015	2015	11	29	15333	333	NA	0
11/30/2015	2015	11	30	15334	334	NA	0
12/1/2015	2015	12	1	15335	335	NA	0
12/2/2015	2015	12	2	15336	336	NA	0
12/3/2015	2015	12	3	15337	337	NA	0
12/4/2015	2015	12	4	15338	338	NA	0
12/5/2015	2015	12	5	15339	339	NA	0
12/6/2015	2015	12	6	15340	340	NA	0
12/7/2015	2015	12	7	15341	341	NA	0
12/8/2015	2015	12	8	15342	342	NA	0
12/9/2015	2015	12	9	15343	343	NA	0
12/10/2015	2015	12	10	15344	344	NA	0
12/11/2015	2015	12	11	15345	345	NA	0
12/12/2015	2015	12	12	15346	346	NA	0
12/13/2015	2015	12	13	15347	347	NA	0
12/14/2015	2015	12	14	15348	348	NA	0
12/15/2015	2015	12	15	15349	349	NA	0
12/16/2015	2015	12	16	15350	350	NA	0
12/17/2015	2015	12	17	15351	351	NA	0
12/18/2015	2015	12	18	15352	352	NA	0
12/19/2015	2015	12	19	15353	353	NA	0
12/20/2015	2015	12	20	15354	354	NA	0
12/21/2015	2015	12	21	15355	355	NA	0
12/22/2015	2015	12	22	15356	356	NA	0
12/23/2015	2015	12	23	15357	357	NA	0
12/24/2015	2015	12	24	15358	358	NA	0
12/25/2015	2015	12	25	15359	359	NA	0
12/26/2015	2015	12	26	15360	360	NA	0
12/27/2015	2015	12	27	15361	361	NA	0
12/28/2015	2015	12	28	15362	362	NA	0
12/29/2015	2015	12	29	15363	363	NA	0
12/30/2015	2015	12	30	15364	364	NA	0
12/31/2015	2015	12	31	15365	365	NA	0
1/1/2016	2016	1	1	16001	1	NA	0
1/2/2016	2016	1	2	16002	2	NA	0
1/3/2016	2016	1	3	16003	3	NA	0
1/4/2016	2016	1	4	16004	4	NA	0
1/5/2016	2016	1	5	16005	5	NA	0
1/6/2016	2016	1	6	16006	6	NA	0
1/7/2016	2016	1	7	16007	7	NA	0
1/8/2016	2016	1	8	16008	8	NA	0
1/9/2016	2016	1	9	16009	9	NA	0
1/10/2016	2016	1	10	16010	10	NA	0
1/11/2016	2016	1	11	16011	11	NA	0
1/12/2016	2016	1	12	16012	12	NA	0
1/13/2016	2016	1	13	16013	13	NA	0
1/14/2016	2016	1	14	16014	14	NA	0
1/15/2016	2016	1	15	16015	15	NA	0
1/16/2016	2016	1	16	16016	16	NA	0
1/17/2016	2016	1	17	16017	17	NA	0
1/18/2016	2016	1	18	16018	18	NA	0
1/19/2016	2016	1	19	16019	19	NA	17
1/20/2016	2016	1	20	16020	20	NA	23
1/21/2016	2016	1	21	16021	21	NA	22
1/22/2016	2016	1	22	16022	22	NA	23
1/23/2016	2016	1	23	16023	23	NA	27
1/24/2016	2016	1	24	16024	24	NA	35
1/25/2016	2016	1	25	16025	25	NA	39
1/26/2016	2016	1	26	16026	26	NA	45
1/27/2016	2016	1	27	16027	27	NA	47
1/28/2016	2016	1	28	16028	28	NA	60
1/29/2016	2016	1	29	16029	29	NA	74
1/30/2016	2016	1	30	16030	30	NA	97
1/31/2016	2016	1	31	16031	31	NA	100
2/1/2016	2016	2	1	16032	32	NA	85
2/2/2016	2016	2	2	16033	33	NA	93
2/3/2016	2016	2	3	16034	34	NA	94
2/4/2016	2016	2	4	16035	35	NA	92
2/5/2016	2016	2	5	16036	36	NA	93
2/6/2016	2016	2	6	16037	37	NA	94
2/7/2016	2016	2	7	16038	38	NA	93
2/8/2016	2016	2	8	16039	39	NA	94
2/9/2016	2016	2	9	16040	40	NA	88
2/10/2016	2016	2	10	16041	41	NA	77
2/11/2016	2016	2	11	16042	42	NA	82
2/12/2016	2016	2	12	16043	43	NA	90
2/13/2016	2016	2	13	16044	44	NA	96
2/14/2016	2016	2	14	16045	45	NA	100
2/15/2016	2016	2	15	16046	46	NA	96
2/16/2016	2016	2	16	16047	47	NA	96
2/17/2016	2016	2	17	16048	48	NA	78
2/18/2016	2016	2	18	16049	49	NA	78
2/19/2016	2016	2	19	16050	50	NA	63
2/20/2016	2016	2	20	16051	51	NA	44
2/21/2016	2016	2	21	16052	52	NA	55
2/22/2016	2016	2	22	16053	53	NA	73
2/23/2016	2016	2	23	16054	54	NA	87
2/24/2016	2016	2	24	16055	55	NA	90
2/25/2016	2016	2	25	16056	56	NA	96
2/26/2016	2016	2	26	16057	57	NA	95
2/27/2016	2016	2	27	16058	58	NA	96
2/28/2016	2016	2	28	16059	59	NA	91
2/29/2016	2016	2	29	16060	60	NA	88
3/1/2016	2016	3	1	16061	61	NA	87
3/2/2016	2016	3	2	16062	62	NA	86
3/3/2016	2016	3	3	16063	63	NA	83
3/4/2016	2016	3	4	16064	64	NA	84
3/5/2016	2016	3	5	16065	65	NA	91
3/6/2016	2016	3	6	16066	66	NA	92
3/7/2016	2016	3	7	16067	67	NA	90
3/8/2016	2016	3	8	16068	68	NA	92
3/9/2016	2016	3	9	16069	69	NA	93
3/10/2016	2016	3	10	16070	70	NA	93
3/11/2016	2016	3	11	16071	71	NA	95
3/12/2016	2016	3	12	16072	72	NA	93
3/13/2016	2016	3	13	16073	73	NA	90
3/14/2016	2016	3	14	16074	74	NA	90
3/15/2016	2016	3	15	16075	75	NA	91
3/16/2016	2016	3	16	16076	76	NA	93
3/17/2016	2016	3	17	16077	77	NA	97
3/18/2016	2016	3	18	16078	78	NA	95
3/19/2016	2016	3	19	16079	79	NA	95
3/20/2016	2016	3	20	16080	80	NA	94
3/21/2016	2016	3	21	16081	81	NA	88
3/22/2016	2016	3	22	16082	82	NA	87
3/23/2016	2016	3	23	16083	83	NA	87
3/24/2016	2016	3	24	16084	84	NA	89
3/25/2016	2016	3	25	16085	85	NA	85
3/26/2016	2016	3	26	16086	86	NA	90
3/27/2016	2016	3	27	16087	87	NA	92
3/28/2016	2016	3	28	16088	88	NA	95
3/29/2016	2016	3	29	16089	89	NA	93
3/30/2016	2016	3	30	16090	90	NA	94
3/31/2016	2016	3	31	16091	91	NA	90
4/1/2016	2016	4	1	16092	92	NA	70
4/2/2016	2016	4	2	16093	93	NA	82
4/3/2016	2016	4	3	16094	94	NA	95
4/4/2016	2016	4	4	16095	95	NA	93
4/5/2016	2016	4	5	16096	96	NA	95
4/6/2016	2016	4	6	16097	97	NA	99
4/7/2016	2016	4	7	16098	98	NA	100
4/8/2016	2016	4	8	16099	99	NA	96
4/9/2016	2016	4	9	16100	100	NA	91
4/10/2016	2016	4	10	16101	101	NA	70
4/11/2016	2016	4	11	16102	102	NA	70
4/12/2016	2016	4	12	16103	103	NA	66
4/13/2016	2016	4	13	16104	104	NA	60
4/14/2016	2016	4	14	16105	105	NA	61
4/15/2016	2016	4	15	16106	106	NA	44
4/16/2016	2016	4	16	16107	107	NA	43
4/17/2016	2016	4	17	16108	108	NA	41
4/18/2016	2016	4	18	16109	109	NA	28
4/19/2016	2016	4	19	16110	110	NA	0
4/20/2016	2016	4	20	16111	111	NA	0
4/21/2016	2016	4	21	16112	112	NA	0
4/22/2016	2016	4	22	16113	113	NA	0
4/23/2016	2016	4	23	16114	114	NA	0
4/24/2016	2016	4	24	16115	115	NA	0
4/25/2016	2016	4	25	16116	116	NA	0
4/26/2016	2016	4	26	16117	117	NA	0
4/27/2016	2016	4	27	16118	118	NA	0
4/28/2016	2016	4	28	16119	119	NA	0
4/29/2016	2016	4	29	16120	120	NA	0
4/30/2016	2016	4	30	16121	121	NA	0
11/1/2016	2016	11	1	16306	306	NA	0
11/2/2016	2016	11	2	16307	307	NA	0
11/3/2016	2016	11	3	16308	308	NA	0
11/4/2016	2016	11	4	16309	309	NA	0
11/5/2016	2016	11	5	16310	310	NA	0
11/6/2016	2016	11	6	16311	311	NA	0
11/7/2016	2016	11	7	16312	312	NA	0
11/8/2016	2016	11	8	16313	313	NA	0
11/9/2016	2016	11	9	16314	314	NA	0
11/10/2016	2016	11	10	16315	315	NA	0
11/11/2016	2016	11	11	16316	316	NA	0
11/12/2016	2016	11	12	16317	317	NA	0
11/13/2016	2016	11	13	16318	318	NA	0
11/14/2016	2016	11	14	16319	319	NA	0
11/15/2016	2016	11	15	16320	320	NA	0
11/16/2016	2016	11	16	16321	321	NA	0
11/17/2016	2016	11	17	16322	322	NA	0
11/18/2016	2016	11	18	16323	323	NA	0
11/19/2016	2016	11	19	16324	324	NA	0
11/20/2016	2016	11	20	16325	325	NA	0
11/21/2016	2016	11	21	16326	326	NA	0
11/22/2016	2016	11	22	16327	327	NA	0
11/23/2016	2016	11	23	16328	328	NA	0
11/24/2016	2016	11	24	16329	329	NA	0
11/25/2016	2016	11	25	16330	330	NA	0
11/26/2016	2016	11	26	16331	331	NA	0
11/27/2016	2016	11	27	16332	332	NA	0
11/28/2016	2016	11	28	16333	333	NA	0
11/29/2016	2016	11	29	16334	334	NA	0
11/30/2016	2016	11	30	16335	335	NA	0
12/1/2016	2016	12	1	16336	336	NA	0
12/2/2016	2016	12	2	16337	337	NA	0
12/3/2016	2016	12	3	16338	338	NA	0
12/4/2016	2016	12	4	16339	339	NA	0
12/5/2016	2016	12	5	16340	340	NA	0
12/6/2016	2016	12	6	16341	341	NA	0
12/7/2016	2016	12	7	16342	342	NA	0
12/8/2016	2016	12	8	16343	343	NA	0
12/9/2016	2016	12	9	16344	344	NA	0
12/10/2016	2016	12	10	16345	345	NA	0
12/11/2016	2016	12	11	16346	346	NA	0
12/12/2016	2016	12	12	16347	347	NA	0
12/13/2016	2016	12	13	16348	348	NA	0
12/14/2016	2016	12	14	16349	349	NA	0
12/15/2016	2016	12	15	16350	350	NA	0
12/16/2016	2016	12	16	16351	351	NA	0
12/17/2016	2016	12	17	16352	352	NA	0
12/18/2016	2016	12	18	16353	353	NA	0
12/19/2016	2016	12	19	16354	354	NA	0
12/20/2016	2016	12	20	16355	355	NA	0
12/21/2016	2016	12	21	16356	356	NA	0
12/22/2016	2016	12	22	16357	357	NA	0
12/23/2016	2016	12	23	16358	358	NA	0
12/24/2016	2016	12	24	16359	359	NA	0
12/25/2016	2016	12	25	16360	360	NA	0
12/26/2016	2016	12	26	16361	361	NA	0
12/27/2016	2016	12	27	16362	362	NA	0
12/28/2016	2016	12	28	16363	363	NA	0
12/29/2016	2016	12	29	16364	364	NA	0
12/30/2016	2016	12	30	16365	365	NA	0
12/31/2016	2016	12	31	16366	366	NA	0
1/1/2017	2017	1	1	17001	1	NA	0
1/2/2017	2017	1	2	17002	2	NA	0
1/3/2017	2017	1	3	17003	3	NA	0
1/4/2017	2017	1	4	17004	4	NA	0
1/5/2017	2017	1	5	17005	5	NA	0
1/6/2017	2017	1	6	17006	6	NA	0
1/7/2017	2017	1	7	17007	7	NA	0
1/8/2017	2017	1	8	17008	8	NA	0
1/9/2017	2017	1	9	17009	9	NA	0
1/10/2017	2017	1	10	17010	10	NA	0
1/11/2017	2017	1	11	17011	11	NA	0
1/12/2017	2017	1	12	17012	12	NA	0
1/13/2017	2017	1	13	17013	13	NA	0
1/14/2017	2017	1	14	17014	14	NA	0
1/15/2017	2017	1	15	17015	15	NA	0
1/16/2017	2017	1	16	17016	16	NA	0
1/17/2017	2017	1	17	17017	17	NA	0
1/18/2017	2017	1	18	17018	18	NA	0
1/19/2017	2017	1	19	17019	19	NA	0
1/20/2017	2017	1	20	17020	20	NA	0
1/21/2017	2017	1	21	17021	21	NA	0
1/22/2017	2017	1	22	17022	22	NA	0
1/23/2017	2017	1	23	17023	23	NA	0
1/24/2017	2017	1	24	17024	24	NA	0
1/25/2017	2017	1	25	17025	25	NA	0
1/26/2017	2017	1	26	17026	26	NA	21
1/27/2017	2017	1	27	17027	27	NA	33
1/28/2017	2017	1	28	17028	28	NA	26
1/29/2017	2017	1	29	17029	29	NA	26
1/30/2017	2017	1	30	17030	30	NA	0
1/31/2017	2017	1	31	17031	31	NA	0
2/1/2017	2017	2	1	17032	32	NA	0
2/2/2017	2017	2	2	17033	33	NA	0
2/3/2017	2017	2	3	17034	34	NA	0
2/4/2017	2017	2	4	17035	35	NA	0
2/5/2017	2017	2	5	17036	36	NA	0
2/6/2017	2017	2	6	17037	37	NA	0
2/7/2017	2017	2	7	17038	38	NA	0
2/8/2017	2017	2	8	17039	39	NA	20
2/9/2017	2017	2	9	17040	40	NA	28
2/10/2017	2017	2	10	17041	41	NA	38
2/11/2017	2017	2	11	17042	42	NA	42
2/12/2017	2017	2	12	17043	43	NA	58
2/13/2017	2017	2	13	17044	44	NA	68
2/14/2017	2017	2	14	17045	45	NA	67
2/15/2017	2017	2	15	17046	46	NA	76
2/16/2017	2017	2	16	17047	47	NA	83
2/17/2017	2017	2	17	17048	48	NA	88
2/18/2017	2017	2	18	17049	49	NA	90
2/19/2017	2017	2	19	17050	50	NA	92
2/20/2017	2017	2	20	17051	51	NA	94
2/21/2017	2017	2	21	17052	52	NA	89
2/22/2017	2017	2	22	17053	53	NA	88
2/23/2017	2017	2	23	17054	54	NA	100
2/24/2017	2017	2	24	17055	55	NA	97
2/25/2017	2017	2	25	17056	56	NA	89
2/26/2017	2017	2	26	17057	57	NA	81
2/27/2017	2017	2	27	17058	58	NA	84
2/28/2017	2017	2	28	17059	59	NA	85
3/1/2017	2017	3	1	17060	60	NA	93
3/2/2017	2017	3	2	17061	61	NA	96
3/3/2017	2017	3	3	17062	62	NA	98
3/4/2017	2017	3	4	17063	63	NA	100
3/5/2017	2017	3	5	17064	64	NA	95
3/6/2017	2017	3	6	17065	65	NA	94
3/7/2017	2017	3	7	17066	66	NA	94
3/8/2017	2017	3	8	17067	67	NA	92
3/9/2017	2017	3	9	17068	68	NA	100
3/10/2017	2017	3	10	17069	69	NA	100
3/11/2017	2017	3	11	17070	70	NA	100
3/12/2017	2017	3	12	17071	71	NA	100
3/13/2017	2017	3	13	17072	72	NA	100
3/14/2017	2017	3	14	17073	73	NA	96
3/15/2017	2017	3	15	17074	74	NA	95
3/16/2017	2017	3	16	17075	75	NA	98
3/17/2017	2017	3	17	17076	76	NA	98
3/18/2017	2017	3	18	17077	77	NA	97
3/19/2017	2017	3	19	17078	78	NA	100
3/20/2017	2017	3	20	17079	79	NA	100
3/21/2017	2017	3	21	17080	80	NA	100
3/22/2017	2017	3	22	17081	81	NA	100
3/23/2017	2017	3	23	17082	82	NA	100
3/24/2017	2017	3	24	17083	83	NA	100
3/25/2017	2017	3	25	17084	84	NA	100
3/26/2017	2017	3	26	17085	85	NA	100
3/27/2017	2017	3	27	17086	86	NA	100
3/28/2017	2017	3	28	17087	87	NA	100
3/29/2017	2017	3	29	17088	88	NA	100
3/30/2017	2017	3	30	17089	89	NA	100
3/31/2017	2017	3	31	17090	90	NA	100
4/1/2017	2017	4	1	17091	91	NA	99
4/2/2017	2017	4	2	17092	92	NA	97
4/3/2017	2017	4	3	17093	93	NA	92
4/4/2017	2017	4	4	17094	94	NA	92
4/5/2017	2017	4	5	17095	95	NA	93
4/6/2017	2017	4	6	17096	96	NA	77
4/7/2017	2017	4	7	17097	97	NA	65
4/8/2017	2017	4	8	17098	98	NA	44
4/9/2017	2017	4	9	17099	99	NA	38
4/10/2017	2017	4	10	17100	100	NA	48
4/11/2017	2017	4	11	17101	101	NA	43
4/12/2017	2017	4	12	17102	102	NA	45
4/13/2017	2017	4	13	17103	103	NA	50
4/14/2017	2017	4	14	17104	104	NA	55
4/15/2017	2017	4	15	17105	105	NA	61
4/16/2017	2017	4	16	17106	106	NA	63
4/17/2017	2017	4	17	17107	107	NA	66
4/18/2017	2017	4	18	17108	108	NA	68
4/19/2017	2017	4	19	17109	109	NA	58
4/20/2017	2017	4	20	17110	110	NA	40
4/21/2017	2017	4	21	17111	111	NA	25
4/22/2017	2017	4	22	17112	112	NA	0
4/23/2017	2017	4	23	17113	113	NA	0
4/24/2017	2017	4	24	17114	114	NA	0
4/25/2017	2017	4	25	17115	115	NA	0
4/26/2017	2017	4	26	17116	116	NA	0
4/27/2017	2017	4	27	17117	117	NA	0
4/28/2017	2017	4	28	17118	118	NA	0
4/29/2017	2017	4	29	17119	119	NA	0
4/30/2017	2017	4	30	17120	120	NA	0
11/1/2017	2017	11	1	17305	305	NA	0
11/2/2017	2017	11	2	17306	306	NA	0
11/3/2017	2017	11	3	17307	307	NA	0
11/4/2017	2017	11	4	17308	308	NA	0
11/5/2017	2017	11	5	17309	309	NA	0
11/6/2017	2017	11	6	17310	310	NA	0
11/7/2017	2017	11	7	17311	311	NA	0
11/8/2017	2017	11	8	17312	312	NA	0
11/9/2017	2017	11	9	17313	313	NA	0
11/10/2017	2017	11	10	17314	314	NA	0
11/11/2017	2017	11	11	17315	315	NA	0
11/12/2017	2017	11	12	17316	316	NA	0
11/13/2017	2017	11	13	17317	317	NA	0
11/14/2017	2017	11	14	17318	318	NA	0
11/15/2017	2017	11	15	17319	319	NA	0
11/16/2017	2017	11	16	17320	320	NA	0
11/17/2017	2017	11	17	17321	321	NA	0
11/18/2017	2017	11	18	17322	322	NA	0
11/19/2017	2017	11	19	17323	323	NA	0
11/20/2017	2017	11	20	17324	324	NA	0
11/21/2017	2017	11	21	17325	325	NA	0
11/22/2017	2017	11	22	17326	326	NA	0
11/23/2017	2017	11	23	17327	327	NA	0
11/24/2017	2017	11	24	17328	328	NA	0
11/25/2017	2017	11	25	17329	329	NA	0
11/26/2017	2017	11	26	17330	330	NA	0
11/27/2017	2017	11	27	17331	331	NA	0
11/28/2017	2017	11	28	17332	332	NA	0
11/29/2017	2017	11	29	17333	333	NA	0
11/30/2017	2017	11	30	17334	334	NA	0
12/1/2017	2017	12	1	17335	335	NA	0
12/2/2017	2017	12	2	17336	336	NA	0
12/3/2017	2017	12	3	17337	337	NA	0
12/4/2017	2017	12	4	17338	338	NA	0
12/5/2017	2017	12	5	17339	339	NA	0
12/6/2017	2017	12	6	17340	340	NA	0
12/7/2017	2017	12	7	17341	341	NA	0
12/8/2017	2017	12	8	17342	342	NA	0
12/9/2017	2017	12	9	17343	343	NA	0
12/10/2017	2017	12	10	17344	344	NA	0
12/11/2017	2017	12	11	17345	345	NA	0
12/12/2017	2017	12	12	17346	346	NA	0
12/13/2017	2017	12	13	17347	347	NA	0
12/14/2017	2017	12	14	17348	348	NA	0
12/15/2017	2017	12	15	17349	349	NA	0
12/16/2017	2017	12	16	17350	350	NA	0
12/17/2017	2017	12	17	17351	351	NA	0
12/18/2017	2017	12	18	17352	352	NA	0
12/19/2017	2017	12	19	17353	353	NA	0
12/20/2017	2017	12	20	17354	354	NA	0
12/21/2017	2017	12	21	17355	355	NA	0
12/22/2017	2017	12	22	17356	356	NA	0
12/23/2017	2017	12	23	17357	357	NA	0
12/24/2017	2017	12	24	17358	358	NA	0
12/25/2017	2017	12	25	17359	359	NA	0
12/26/2017	2017	12	26	17360	360	NA	0
12/27/2017	2017	12	27	17361	361	NA	0
12/28/2017	2017	12	28	17362	362	NA	0
12/29/2017	2017	12	29	17363	363	NA	0
12/30/2017	2017	12	30	17364	364	NA	0
12/31/2017	2017	12	31	17365	365	NA	0
1/1/2018	2018	1	1	18001	1	NA	0
1/2/2018	2018	1	2	18002	2	NA	0
1/3/2018	2018	1	3	18003	3	NA	0
1/4/2018	2018	1	4	18004	4	NA	0
1/5/2018	2018	1	5	18005	5	NA	0
1/6/2018	2018	1	6	18006	6	NA	0
1/7/2018	2018	1	7	18007	7	NA	0
1/8/2018	2018	1	8	18008	8	NA	0
1/9/2018	2018	1	9	18009	9	NA	0
1/10/2018	2018	1	10	18010	10	NA	0
1/11/2018	2018	1	11	18011	11	NA	0
1/12/2018	2018	1	12	18012	12	NA	0
1/13/2018	2018	1	13	18013	13	NA	0
1/14/2018	2018	1	14	18014	14	NA	0
1/15/2018	2018	1	15	18015	15	NA	0
1/16/2018	2018	1	16	18016	16	NA	0
1/17/2018	2018	1	17	18017	17	NA	0
1/18/2018	2018	1	18	18018	18	NA	0
1/19/2018	2018	1	19	18019	19	NA	0
1/20/2018	2018	1	20	18020	20	NA	0
1/21/2018	2018	1	21	18021	21	NA	0
1/22/2018	2018	1	22	18022	22	NA	0
1/23/2018	2018	1	23	18023	23	NA	0
1/24/2018	2018	1	24	18024	24	NA	0
1/25/2018	2018	1	25	18025	25	NA	0
1/26/2018	2018	1	26	18026	26	NA	0
1/27/2018	2018	1	27	18027	27	NA	0
1/28/2018	2018	1	28	18028	28	NA	0
1/29/2018	2018	1	29	18029	29	NA	0
1/30/2018	2018	1	30	18030	30	NA	0
1/31/2018	2018	1	31	18031	31	NA	0
2/1/2018	2018	2	1	18032	32	NA	0
2/2/2018	2018	2	2	18033	33	NA	0
2/3/2018	2018	2	3	18034	34	NA	21
2/4/2018	2018	2	4	18035	35	NA	50
2/5/2018	2018	2	5	18036	36	NA	55
2/6/2018	2018	2	6	18037	37	NA	57
2/7/2018	2018	2	7	18038	38	NA	46
2/8/2018	2018	2	8	18039	39	NA	0
2/9/2018	2018	2	9	18040	40	NA	0
2/10/2018	2018	2	10	18041	41	NA	0
2/11/2018	2018	2	11	18042	42	NA	0
2/12/2018	2018	2	12	18043	43	NA	0
2/13/2018	2018	2	13	18044	44	NA	0
2/14/2018	2018	2	14	18045	45	NA	0
2/15/2018	2018	2	15	18046	46	NA	0
2/16/2018	2018	2	16	18047	47	NA	0
2/17/2018	2018	2	17	18048	48	NA	0
2/18/2018	2018	2	18	18049	49	NA	0
2/19/2018	2018	2	19	18050	50	NA	0
2/20/2018	2018	2	20	18051	51	NA	0
2/21/2018	2018	2	21	18052	52	NA	0
2/22/2018	2018	2	22	18053	53	NA	0
2/23/2018	2018	2	23	18054	54	NA	0
2/24/2018	2018	2	24	18055	55	NA	0
2/25/2018	2018	2	25	18056	56	NA	0
2/26/2018	2018	2	26	18057	57	NA	0
2/27/2018	2018	2	27	18058	58	NA	0
2/28/2018	2018	2	28	18059	59	NA	0
3/1/2018	2018	3	1	18060	60	NA	0
3/2/2018	2018	3	2	18061	61	NA	0
3/3/2018	2018	3	3	18062	62	NA	0
3/4/2018	2018	3	4	18063	63	NA	0
3/5/2018	2018	3	5	18064	64	NA	0
3/6/2018	2018	3	6	18065	65	NA	0
3/7/2018	2018	3	7	18066	66	NA	0
3/8/2018	2018	3	8	18067	67	NA	0
3/9/2018	2018	3	9	18068	68	NA	0
3/10/2018	2018	3	10	18069	69	NA	0
3/11/2018	2018	3	11	18070	70	NA	0
3/12/2018	2018	3	12	18071	71	NA	20
3/13/2018	2018	3	13	18072	72	NA	29
3/14/2018	2018	3	14	18073	73	NA	20
3/15/2018	2018	3	15	18074	74	NA	24
3/16/2018	2018	3	16	18075	75	NA	32
3/17/2018	2018	3	17	18076	76	NA	57
3/18/2018	2018	3	18	18077	77	NA	26
3/19/2018	2018	3	19	18078	78	NA	0
3/20/2018	2018	3	20	18079	79	NA	0
3/21/2018	2018	3	21	18080	80	NA	0
3/22/2018	2018	3	22	18081	81	NA	0
3/23/2018	2018	3	23	18082	82	NA	0
3/24/2018	2018	3	24	18083	83	NA	0
3/25/2018	2018	3	25	18084	84	NA	0
3/26/2018	2018	3	26	18085	85	NA	0
3/27/2018	2018	3	27	18086	86	NA	0
3/28/2018	2018	3	28	18087	87	NA	0
3/29/2018	2018	3	29	18088	88	NA	0
3/30/2018	2018	3	30	18089	89	NA	0
3/31/2018	2018	3	31	18090	90	NA	0
4/1/2018	2018	4	1	18091	91	NA	0
4/2/2018	2018	4	2	18092	92	NA	0
4/3/2018	2018	4	3	18093	93	NA	0
4/4/2018	2018	4	4	18094	94	NA	0
4/5/2018	2018	4	5	18095	95	NA	0
4/6/2018	2018	4	6	18096	96	NA	0
4/7/2018	2018	4	7	18097	97	NA	0
4/8/2018	2018	4	8	18098	98	NA	0
4/9/2018	2018	4	9	18099	99	NA	0
4/10/2018	2018	4	10	18100	100	NA	0
4/11/2018	2018	4	11	18101	101	NA	0
4/12/2018	2018	4	12	18102	102	NA	0
4/13/2018	2018	4	13	18103	103	NA	0
4/14/2018	2018	4	14	18104	104	NA	0
4/15/2018	2018	4	15	18105	105	NA	0
4/16/2018	2018	4	16	18106	106	NA	0
4/17/2018	2018	4	17	18107	107	NA	0
4/18/2018	2018	4	18	18108	108	NA	0
4/19/2018	2018	4	19	18109	109	NA	0
4/20/2018	2018	4	20	18110	110	NA	0
4/21/2018	2018	4	21	18111	111	NA	0
4/22/2018	2018	4	22	18112	112	NA	0
4/23/2018	2018	4	23	18113	113	NA	0
4/24/2018	2018	4	24	18114	114	NA	0
4/25/2018	2018	4	25	18115	115	NA	0
4/26/2018	2018	4	26	18116	116	NA	0
4/27/2018	2018	4	27	18117	117	NA	0
4/28/2018	2018	4	28	18118	118	NA	0
4/29/2018	2018	4	29	18119	119	NA	0
4/30/2018	2018	4	30	18120	120	NA	0
11/1/2018	2018	11	1	18305	305	NA	0
11/2/2018	2018	11	2	18306	306	NA	0
11/3/2018	2018	11	3	18307	307	NA	0
11/4/2018	2018	11	4	18308	308	NA	0
11/5/2018	2018	11	5	18309	309	NA	0
11/6/2018	2018	11	6	18310	310	NA	0
11/7/2018	2018	11	7	18311	311	NA	0
11/8/2018	2018	11	8	18312	312	NA	0
11/9/2018	2018	11	9	18313	313	NA	0
11/10/2018	2018	11	10	18314	314	NA	0
11/11/2018	2018	11	11	18315	315	NA	0
11/12/2018	2018	11	12	18316	316	NA	0
11/13/2018	2018	11	13	18317	317	NA	0
11/14/2018	2018	11	14	18318	318	NA	0
11/15/2018	2018	11	15	18319	319	NA	0
11/16/2018	2018	11	16	18320	320	NA	0
11/17/2018	2018	11	17	18321	321	NA	0
11/18/2018	2018	11	18	18322	322	NA	0
11/19/2018	2018	11	19	18323	323	NA	0
11/20/2018	2018	11	20	18324	324	NA	0
11/21/2018	2018	11	21	18325	325	NA	0
11/22/2018	2018	11	22	18326	326	NA	0
11/23/2018	2018	11	23	18327	327	NA	0
11/24/2018	2018	11	24	18328	328	NA	0
11/25/2018	2018	11	25	18329	329	NA	0
11/26/2018	2018	11	26	18330	330	NA	0
11/27/2018	2018	11	27	18331	331	NA	0
11/28/2018	2018	11	28	18332	332	NA	0
11/29/2018	2018	11	29	18333	333	NA	0
11/30/2018	2018	11	30	18334	334	NA	0
12/1/2018	2018	12	1	18335	335	NA	0
12/2/2018	2018	12	2	18336	336	NA	0
12/3/2018	2018	12	3	18337	337	NA	0
12/4/2018	2018	12	4	18338	338	NA	0
12/5/2018	2018	12	5	18339	339	NA	0
12/6/2018	2018	12	6	18340	340	NA	0
12/7/2018	2018	12	7	18341	341	NA	0
12/8/2018	2018	12	8	18342	342	NA	0
12/9/2018	2018	12	9	18343	343	NA	0
12/10/2018	2018	12	10	18344	344	NA	0
12/11/2018	2018	12	11	18345	345	NA	0
12/12/2018	2018	12	12	18346	346	NA	0
12/13/2018	2018	12	13	18347	347	NA	0
12/14/2018	2018	12	14	18348	348	NA	0
12/15/2018	2018	12	15	18349	349	NA	0
12/16/2018	2018	12	16	18350	350	NA	0
12/17/2018	2018	12	17	18351	351	NA	0
12/18/2018	2018	12	18	18352	352	NA	0
12/19/2018	2018	12	19	18353	353	NA	0
12/20/2018	2018	12	20	18354	354	NA	0
12/21/2018	2018	12	21	18355	355	NA	0
12/22/2018	2018	12	22	18356	356	NA	0
12/23/2018	2018	12	23	18357	357	NA	0
12/24/2018	2018	12	24	18358	358	NA	0
12/25/2018	2018	12	25	18359	359	NA	0
12/26/2018	2018	12	26	18360	360	NA	0
12/27/2018	2018	12	27	18361	361	NA	0
12/28/2018	2018	12	28	18362	362	NA	0
12/29/2018	2018	12	29	18363	363	NA	0
12/30/2018	2018	12	30	18364	364	NA	0
12/31/2018	2018	12	31	18365	365	NA	27
